fedora_created,dc_rights,fedora_writable,fedora_lastModifiedBy,dc_title,dcterms_isPartOf,fedora_createdBy,ldp_contains,fedora_lastModified,dc_date,fedora_hasParent,files
2025-12-15T21:00:27.960000+00:00,1951-08,false,fedoraAdmin,"Letter to M. T. Harrington from J. R. Cole II, August 24, 1951",Box 1 Folder 11 J. R. Cole Papers,fedoraAdmin,https://api-pre.library.tamu.edu/fcrepo/rest/bb/97/f2/3e/bb97f23e-803a-4bd6-8406-06802623554c/cole-papers_objects/6/pages|https://api-pre.library.tamu.edu/fcrepo/rest/bb/97/f2/3e/bb97f23e-803a-4bd6-8406-06802623554c/cole-papers_objects/6/orderProxies,2025-12-15T21:00:27.960000+00:00,1951-08,https://api-pre.library.tamu.edu/fcrepo/rest/bb/97/f2/3e/bb97f23e-803a-4bd6-8406-06802623554c/cole-papers_objects,https://api-pre.library.tamu.edu/fcrepo/rest/bb/97/f2/3e/bb97f23e-803a-4bd6-8406-06802623554c/cole-papers_objects/6/pages/page_0/files/0001.tif|https://api-pre.library.tamu.edu/fcrepo/rest/bb/97/f2/3e/bb97f23e-803a-4bd6-8406-06802623554c/cole-papers_objects/6/pages/page_1/files/0002.tif|https://api-pre.library.tamu.edu/fcrepo/rest/bb/97/f2/3e/bb97f23e-803a-4bd6-8406-06802623554c/cole-papers_objects/6/pages/page_2/files/0003.tif
2025-12-15T20:59:36.139000+00:00,1876-06,false,fedoraAdmin,"Letter to J. R. Cole from J. A. Gilmer, June 12, 1876",Box 1 Folder 3 J. R. Cole Papers,fedoraAdmin,https://api-pre.library.tamu.edu/fcrepo/rest/bb/97/f2/3e/bb97f23e-803a-4bd6-8406-06802623554c/cole-papers_objects/21/pages|https://api-pre.library.tamu.edu/fcrepo/rest/bb/97/f2/3e/bb97f23e-803a-4bd6-8406-06802623554c/cole-papers_objects/21/orderProxies,2025-12-15T20:59:36.139000+00:00,1876-06,https://api-pre.library.tamu.edu/fcrepo/rest/bb/97/f2/3e/bb97f23e-803a-4bd6-8406-06802623554c/cole-papers_objects,https://api-pre.library.tamu.edu/fcrepo/rest/bb/97/f2/3e/bb97f23e-803a-4bd6-8406-06802623554c/cole-papers_objects/21/pages/page_0/files/0001.tif|https://api-pre.library.tamu.edu/fcrepo/rest/bb/97/f2/3e/bb97f23e-803a-4bd6-8406-06802623554c/cole-papers_objects/21/pages/page_1/files/0002.tif
2025-12-15T20:59:01.760000+00:00,1960-02,false,fedoraAdmin,"Letter to Grace D. Taylor from David Brooks Cofer, February 3, 1960",Box 1 Folder 15 J. R. Cole Papers,fedoraAdmin,https://api-pre.library.tamu.edu/fcrepo/rest/bb/97/f2/3e/bb97f23e-803a-4bd6-8406-06802623554c/cole-papers_objects/11/orderProxies|https://api-pre.library.tamu.edu/fcrepo/rest/bb/97/f2/3e/bb97f23e-803a-4bd6-8406-06802623554c/cole-papers_objects/11/pages,2025-12-15T20:59:01.760000+00:00,1960-02,https://api-pre.library.tamu.edu/fcrepo/rest/bb/97/f2/3e/bb97f23e-803a-4bd6-8406-06802623554c/cole-papers_objects,https://api-pre.library.tamu.edu/fcrepo/rest/bb/97/f2/3e/bb97f23e-803a-4bd6-8406-06802623554c/cole-papers_objects/11/pages/page_0/files/0001.tif|https://api-pre.library.tamu.edu/fcrepo/rest/bb/97/f2/3e/bb97f23e-803a-4bd6-8406-06802623554c/cole-papers_objects/11/pages/page_1/files/0002.tif
2025-12-15T21:00:18.141000+00:00,1887-07,false,fedoraAdmin,"Letter to J. R. Cole from T. M. Scott, July 8, 1887",Box 1 Folder 10 J. R. Cole Papers,fedoraAdmin,https://api-pre.library.tamu.edu/fcrepo/rest/bb/97/f2/3e/bb97f23e-803a-4bd6-8406-06802623554c/cole-papers_objects/4/pages|https://api-pre.library.tamu.edu/fcrepo/rest/bb/97/f2/3e/bb97f23e-803a-4bd6-8406-06802623554c/cole-papers_objects/4/orderProxies,2025-12-15T21:00:18.141000+00:00,1887-07,https://api-pre.library.tamu.edu/fcrepo/rest/bb/97/f2/3e/bb97f23e-803a-4bd6-8406-06802623554c/cole-papers_objects,https://api-pre.library.tamu.edu/fcrepo/rest/bb/97/f2/3e/bb97f23e-803a-4bd6-8406-06802623554c/cole-papers_objects/4/pages/page_0/files/0001.tif|https://api-pre.library.tamu.edu/fcrepo/rest/bb/97/f2/3e/bb97f23e-803a-4bd6-8406-06802623554c/cole-papers_objects/4/pages/page_1/files/0002.tif
2025-12-15T21:00:10.474000+00:00,1879-11,false,fedoraAdmin,"Letter to Mary P. Cole from J. R. Cole, November 23, 1879",Box 1 Folder 6 J. R. Cole Papers,fedoraAdmin,https://api-pre.library.tamu.edu/fcrepo/rest/bb/97/f2/3e/bb97f23e-803a-4bd6-8406-06802623554c/cole-papers_objects/24/orderProxies|https://api-pre.library.tamu.edu/fcrepo/rest/bb/97/f2/3e/bb97f23e-803a-4bd6-8406-06802623554c/cole-papers_objects/24/pages,2025-12-15T21:00:10.474000+00:00,1879-11,https://api-pre.library.tamu.edu/fcrepo/rest/bb/97/f2/3e/bb97f23e-803a-4bd6-8406-06802623554c/cole-papers_objects,https://api-pre.library.tamu.edu/fcrepo/rest/bb/97/f2/3e/bb97f23e-803a-4bd6-8406-06802623554c/cole-papers_objects/24/pages/page_0/files/0001.tif|https://api-pre.library.tamu.edu/fcrepo/rest/bb/97/f2/3e/bb97f23e-803a-4bd6-8406-06802623554c/cole-papers_objects/24/pages/page_1/files/0002.tif|https://api-pre.library.tamu.edu/fcrepo/rest/bb/97/f2/3e/bb97f23e-803a-4bd6-8406-06802623554c/cole-papers_objects/24/pages/page_2/files/0003.tif|https://api-pre.library.tamu.edu/fcrepo/rest/bb/97/f2/3e/bb97f23e-803a-4bd6-8406-06802623554c/cole-papers_objects/24/pages/page_3/files/0004.tif
2025-12-15T20:58:59.518000+00:00,1970-12,false,fedoraAdmin,"Letter to Ernest Langford from Grace D. Taylor, December 19, 1970",Box 1 Folder 16 J. R. Cole Papers,fedoraAdmin,https://api-pre.library.tamu.edu/fcrepo/rest/bb/97/f2/3e/bb97f23e-803a-4bd6-8406-06802623554c/cole-papers_objects/12/pages|https://api-pre.library.tamu.edu/fcrepo/rest/bb/97/f2/3e/bb97f23e-803a-4bd6-8406-06802623554c/cole-papers_objects/12/orderProxies,2025-12-15T20:58:59.518000+00:00,1970-12,https://api-pre.library.tamu.edu/fcrepo/rest/bb/97/f2/3e/bb97f23e-803a-4bd6-8406-06802623554c/cole-papers_objects,https://api-pre.library.tamu.edu/fcrepo/rest/bb/97/f2/3e/bb97f23e-803a-4bd6-8406-06802623554c/cole-papers_objects/12/pages/page_0/files/0001.tif|https://api-pre.library.tamu.edu/fcrepo/rest/bb/97/f2/3e/bb97f23e-803a-4bd6-8406-06802623554c/cole-papers_objects/12/pages/page_1/files/0002.tif|https://api-pre.library.tamu.edu/fcrepo/rest/bb/97/f2/3e/bb97f23e-803a-4bd6-8406-06802623554c/cole-papers_objects/12/pages/page_2/files/0003.tif
2025-12-15T20:59:55.793000+00:00,1878-08,false,fedoraAdmin,"Letter to J. R. Cole from Thomas S. Gathright, August 27, 1878",Box 1 Folder 4 J. R. Cole Papers,fedoraAdmin,https://api-pre.library.tamu.edu/fcrepo/rest/bb/97/f2/3e/bb97f23e-803a-4bd6-8406-06802623554c/cole-papers_objects/22/pages|https://api-pre.library.tamu.edu/fcrepo/rest/bb/97/f2/3e/bb97f23e-803a-4bd6-8406-06802623554c/cole-papers_objects/22/orderProxies,2025-12-15T20:59:55.793000+00:00,1878-08,https://api-pre.library.tamu.edu/fcrepo/rest/bb/97/f2/3e/bb97f23e-803a-4bd6-8406-06802623554c/cole-papers_objects,https://api-pre.library.tamu.edu/fcrepo/rest/bb/97/f2/3e/bb97f23e-803a-4bd6-8406-06802623554c/cole-papers_objects/22/pages/page_0/files/0001.tif|https://api-pre.library.tamu.edu/fcrepo/rest/bb/97/f2/3e/bb97f23e-803a-4bd6-8406-06802623554c/cole-papers_objects/22/pages/page_1/files/0002.tif|https://api-pre.library.tamu.edu/fcrepo/rest/bb/97/f2/3e/bb97f23e-803a-4bd6-8406-06802623554c/cole-papers_objects/22/pages/page_2/files/0003.tif|https://api-pre.library.tamu.edu/fcrepo/rest/bb/97/f2/3e/bb97f23e-803a-4bd6-8406-06802623554c/cole-papers_objects/22/pages/page_3/files/0004.tif|https://api-pre.library.tamu.edu/fcrepo/rest/bb/97/f2/3e/bb97f23e-803a-4bd6-8406-06802623554c/cole-papers_objects/22/pages/page_4/files/0005.tif
2025-12-15T20:58:31.229000+00:00,1960-01,false,fedoraAdmin,"Letter to David Brooks Cofer from Grace D. Taylor, January 29, 1960",Box 1 Folder 15 J. R. Cole Papers,fedoraAdmin,https://api-pre.library.tamu.edu/fcrepo/rest/bb/97/f2/3e/bb97f23e-803a-4bd6-8406-06802623554c/cole-papers_objects/10/orderProxies|https://api-pre.library.tamu.edu/fcrepo/rest/bb/97/f2/3e/bb97f23e-803a-4bd6-8406-06802623554c/cole-papers_objects/10/pages,2025-12-15T20:58:31.229000+00:00,1960-01,https://api-pre.library.tamu.edu/fcrepo/rest/bb/97/f2/3e/bb97f23e-803a-4bd6-8406-06802623554c/cole-papers_objects,https://api-pre.library.tamu.edu/fcrepo/rest/bb/97/f2/3e/bb97f23e-803a-4bd6-8406-06802623554c/cole-papers_objects/10/pages/page_0/files/0001.tif
2025-12-15T20:59:25.760000+00:00,1871-09,false,fedoraAdmin,"Teacher's Certificate from the State of Texas, Office of Superintendent of Public Instruction to J. R. Cole, September 26, 1871",Box 1 Folder 1 J. R. Cole Papers,fedoraAdmin,https://api-pre.library.tamu.edu/fcrepo/rest/bb/97/f2/3e/bb97f23e-803a-4bd6-8406-06802623554c/cole-papers_objects/2/orderProxies|https://api-pre.library.tamu.edu/fcrepo/rest/bb/97/f2/3e/bb97f23e-803a-4bd6-8406-06802623554c/cole-papers_objects/2/pages,2025-12-15T20:59:25.760000+00:00,1871-09,https://api-pre.library.tamu.edu/fcrepo/rest/bb/97/f2/3e/bb97f23e-803a-4bd6-8406-06802623554c/cole-papers_objects,https://api-pre.library.tamu.edu/fcrepo/rest/bb/97/f2/3e/bb97f23e-803a-4bd6-8406-06802623554c/cole-papers_objects/2/pages/page_0/files/0001.tif
2025-12-15T20:59:16.644000+00:00,,false,fedoraAdmin,"Checking Reproductions against Originals, undated",Box 1 Folder 20 J. R. Cole Papers,fedoraAdmin,https://api-pre.library.tamu.edu/fcrepo/rest/bb/97/f2/3e/bb97f23e-803a-4bd6-8406-06802623554c/cole-papers_objects/17/orderProxies|https://api-pre.library.tamu.edu/fcrepo/rest/bb/97/f2/3e/bb97f23e-803a-4bd6-8406-06802623554c/cole-papers_objects/17/pages,2025-12-15T20:59:16.644000+00:00,,https://api-pre.library.tamu.edu/fcrepo/rest/bb/97/f2/3e/bb97f23e-803a-4bd6-8406-06802623554c/cole-papers_objects,https://api-pre.library.tamu.edu/fcrepo/rest/bb/97/f2/3e/bb97f23e-803a-4bd6-8406-06802623554c/cole-papers_objects/17/pages/page_0/files/0001.tif|https://api-pre.library.tamu.edu/fcrepo/rest/bb/97/f2/3e/bb97f23e-803a-4bd6-8406-06802623554c/cole-papers_objects/17/pages/page_1/files/0002.tif|https://api-pre.library.tamu.edu/fcrepo/rest/bb/97/f2/3e/bb97f23e-803a-4bd6-8406-06802623554c/cole-papers_objects/17/pages/page_2/files/0003.tif
2025-12-15T21:00:31.732000+00:00,1955-05,false,fedoraAdmin,"Letter to David Brooks Cofer from J. R. Cole II, May 6, 1955",Box 1 Folder 14 J. R. Cole Papers,fedoraAdmin,https://api-pre.library.tamu.edu/fcrepo/rest/bb/97/f2/3e/bb97f23e-803a-4bd6-8406-06802623554c/cole-papers_objects/9/orderProxies|https://api-pre.library.tamu.edu/fcrepo/rest/bb/97/f2/3e/bb97f23e-803a-4bd6-8406-06802623554c/cole-papers_objects/9/pages,2025-12-15T21:00:31.732000+00:00,1955-05,https://api-pre.library.tamu.edu/fcrepo/rest/bb/97/f2/3e/bb97f23e-803a-4bd6-8406-06802623554c/cole-papers_objects,https://api-pre.library.tamu.edu/fcrepo/rest/bb/97/f2/3e/bb97f23e-803a-4bd6-8406-06802623554c/cole-papers_objects/9/pages/page_0/files/0001.tif|https://api-pre.library.tamu.edu/fcrepo/rest/bb/97/f2/3e/bb97f23e-803a-4bd6-8406-06802623554c/cole-papers_objects/9/pages/page_1/files/0002.tif|https://api-pre.library.tamu.edu/fcrepo/rest/bb/97/f2/3e/bb97f23e-803a-4bd6-8406-06802623554c/cole-papers_objects/9/pages/page_2/files/0003.tif
2025-12-15T20:59:25.954000+00:00,1870/1889,false,fedoraAdmin,"Photograph of Governor James W. Throckmorton, circa 1870s-1880s",Box 1 Folder 21 J. R. Cole Papers,fedoraAdmin,https://api-pre.library.tamu.edu/fcrepo/rest/bb/97/f2/3e/bb97f23e-803a-4bd6-8406-06802623554c/cole-papers_objects/20/orderProxies|https://api-pre.library.tamu.edu/fcrepo/rest/bb/97/f2/3e/bb97f23e-803a-4bd6-8406-06802623554c/cole-papers_objects/20/pages,2025-12-15T20:59:25.954000+00:00,1870/1889,https://api-pre.library.tamu.edu/fcrepo/rest/bb/97/f2/3e/bb97f23e-803a-4bd6-8406-06802623554c/cole-papers_objects,https://api-pre.library.tamu.edu/fcrepo/rest/bb/97/f2/3e/bb97f23e-803a-4bd6-8406-06802623554c/cole-papers_objects/20/pages/page_0/files/0001.tif|https://api-pre.library.tamu.edu/fcrepo/rest/bb/97/f2/3e/bb97f23e-803a-4bd6-8406-06802623554c/cole-papers_objects/20/pages/page_1/files/0002.tif
2025-12-15T20:59:15.477000+00:00,1883/1884,false,fedoraAdmin,"Photo of James Reid (J. R.) Cole, 1883-1884",Box 1 Folder 21 J. R. Cole Papers,fedoraAdmin,https://api-pre.library.tamu.edu/fcrepo/rest/bb/97/f2/3e/bb97f23e-803a-4bd6-8406-06802623554c/cole-papers_objects/18/orderProxies|https://api-pre.library.tamu.edu/fcrepo/rest/bb/97/f2/3e/bb97f23e-803a-4bd6-8406-06802623554c/cole-papers_objects/18/pages,2025-12-15T20:59:15.477000+00:00,1883/1884,https://api-pre.library.tamu.edu/fcrepo/rest/bb/97/f2/3e/bb97f23e-803a-4bd6-8406-06802623554c/cole-papers_objects,https://api-pre.library.tamu.edu/fcrepo/rest/bb/97/f2/3e/bb97f23e-803a-4bd6-8406-06802623554c/cole-papers_objects/18/pages/page_0/files/0001.tif|https://api-pre.library.tamu.edu/fcrepo/rest/bb/97/f2/3e/bb97f23e-803a-4bd6-8406-06802623554c/cole-papers_objects/18/pages/page_1/files/0002.tif
2025-12-15T21:00:18.930000+00:00,1952-10,false,fedoraAdmin,"Letter to David Brooks Cofer from J. R. Cole II, October 30, 1952",Box 1 Folder 12 J. R. Cole Papers,fedoraAdmin,https://api-pre.library.tamu.edu/fcrepo/rest/bb/97/f2/3e/bb97f23e-803a-4bd6-8406-06802623554c/cole-papers_objects/7/orderProxies|https://api-pre.library.tamu.edu/fcrepo/rest/bb/97/f2/3e/bb97f23e-803a-4bd6-8406-06802623554c/cole-papers_objects/7/pages,2025-12-15T21:00:18.930000+00:00,1952-10,https://api-pre.library.tamu.edu/fcrepo/rest/bb/97/f2/3e/bb97f23e-803a-4bd6-8406-06802623554c/cole-papers_objects,https://api-pre.library.tamu.edu/fcrepo/rest/bb/97/f2/3e/bb97f23e-803a-4bd6-8406-06802623554c/cole-papers_objects/7/pages/page_0/files/0001.tif
2025-12-15T20:59:57.978000+00:00,1885-12,false,fedoraAdmin,"Letter from Louis L. McInnis to an unknown recipient, Endorsement of Louis L. McInnis (for J. R. Cole), Chairman of Faculty, December 29, 1885",Box 1 Folder 9 J. R. Cole Papers,fedoraAdmin,https://api-pre.library.tamu.edu/fcrepo/rest/bb/97/f2/3e/bb97f23e-803a-4bd6-8406-06802623554c/cole-papers_objects/27/orderProxies|https://api-pre.library.tamu.edu/fcrepo/rest/bb/97/f2/3e/bb97f23e-803a-4bd6-8406-06802623554c/cole-papers_objects/27/pages,2025-12-15T20:59:57.978000+00:00,1885-12,https://api-pre.library.tamu.edu/fcrepo/rest/bb/97/f2/3e/bb97f23e-803a-4bd6-8406-06802623554c/cole-papers_objects,https://api-pre.library.tamu.edu/fcrepo/rest/bb/97/f2/3e/bb97f23e-803a-4bd6-8406-06802623554c/cole-papers_objects/27/pages/page_0/files/0001.tif
2025-12-15T20:59:15.494000+00:00,1870s/1880s,false,fedoraAdmin,"Photograph of General Hardiwan, circa 1870s-1880s",Box 1 Folder 21 J. R. Cole Papers,fedoraAdmin,https://api-pre.library.tamu.edu/fcrepo/rest/bb/97/f2/3e/bb97f23e-803a-4bd6-8406-06802623554c/cole-papers_objects/19/orderProxies|https://api-pre.library.tamu.edu/fcrepo/rest/bb/97/f2/3e/bb97f23e-803a-4bd6-8406-06802623554c/cole-papers_objects/19/pages,2025-12-15T20:59:15.494000+00:00,1870s/1880s,https://api-pre.library.tamu.edu/fcrepo/rest/bb/97/f2/3e/bb97f23e-803a-4bd6-8406-06802623554c/cole-papers_objects,https://api-pre.library.tamu.edu/fcrepo/rest/bb/97/f2/3e/bb97f23e-803a-4bd6-8406-06802623554c/cole-papers_objects/19/pages/page_0/files/0001.tif|https://api-pre.library.tamu.edu/fcrepo/rest/bb/97/f2/3e/bb97f23e-803a-4bd6-8406-06802623554c/cole-papers_objects/19/pages/page_1/files/0002.tif
2025-12-15T20:59:56.100000+00:00,1879-12,false,fedoraAdmin,"Letter to Mary P. Cole from J. R. Cole, December 9, 1879",Box 1 Folder 7 J. R. Cole Papers,fedoraAdmin,https://api-pre.library.tamu.edu/fcrepo/rest/bb/97/f2/3e/bb97f23e-803a-4bd6-8406-06802623554c/cole-papers_objects/25/pages|https://api-pre.library.tamu.edu/fcrepo/rest/bb/97/f2/3e/bb97f23e-803a-4bd6-8406-06802623554c/cole-papers_objects/25/orderProxies,2025-12-15T20:59:56.100000+00:00,1879-12,https://api-pre.library.tamu.edu/fcrepo/rest/bb/97/f2/3e/bb97f23e-803a-4bd6-8406-06802623554c/cole-papers_objects,https://api-pre.library.tamu.edu/fcrepo/rest/bb/97/f2/3e/bb97f23e-803a-4bd6-8406-06802623554c/cole-papers_objects/25/pages/page_0/files/0001.tif|https://api-pre.library.tamu.edu/fcrepo/rest/bb/97/f2/3e/bb97f23e-803a-4bd6-8406-06802623554c/cole-papers_objects/25/pages/page_1/files/0002.tif
2025-12-15T20:59:28.122000+00:00,1884-08,false,fedoraAdmin,"Handwritten diary of J. R. Cole, August 1884",Box 1 Folder 18 J. R. Cole Papers,fedoraAdmin,https://api-pre.library.tamu.edu/fcrepo/rest/bb/97/f2/3e/bb97f23e-803a-4bd6-8406-06802623554c/cole-papers_objects/15/orderProxies|https://api-pre.library.tamu.edu/fcrepo/rest/bb/97/f2/3e/bb97f23e-803a-4bd6-8406-06802623554c/cole-papers_objects/15/pages,2025-12-15T20:59:28.122000+00:00,1884-08,https://api-pre.library.tamu.edu/fcrepo/rest/bb/97/f2/3e/bb97f23e-803a-4bd6-8406-06802623554c/cole-papers_objects,https://api-pre.library.tamu.edu/fcrepo/rest/bb/97/f2/3e/bb97f23e-803a-4bd6-8406-06802623554c/cole-papers_objects/15/pages/page_0/files/0001.tif|https://api-pre.library.tamu.edu/fcrepo/rest/bb/97/f2/3e/bb97f23e-803a-4bd6-8406-06802623554c/cole-papers_objects/15/pages/page_1/files/0002.tif|https://api-pre.library.tamu.edu/fcrepo/rest/bb/97/f2/3e/bb97f23e-803a-4bd6-8406-06802623554c/cole-papers_objects/15/pages/page_2/files/0003.tif|https://api-pre.library.tamu.edu/fcrepo/rest/bb/97/f2/3e/bb97f23e-803a-4bd6-8406-06802623554c/cole-papers_objects/15/pages/page_3/files/0004.tif|https://api-pre.library.tamu.edu/fcrepo/rest/bb/97/f2/3e/bb97f23e-803a-4bd6-8406-06802623554c/cole-papers_objects/15/pages/page_4/files/0005.tif|https://api-pre.library.tamu.edu/fcrepo/rest/bb/97/f2/3e/bb97f23e-803a-4bd6-8406-06802623554c/cole-papers_objects/15/pages/page_5/files/0006.tif|https://api-pre.library.tamu.edu/fcrepo/rest/bb/97/f2/3e/bb97f23e-803a-4bd6-8406-06802623554c/cole-papers_objects/15/pages/page_6/files/0007.tif|https://api-pre.library.tamu.edu/fcrepo/rest/bb/97/f2/3e/bb97f23e-803a-4bd6-8406-06802623554c/cole-papers_objects/15/pages/page_7/files/0008.tif|https://api-pre.library.tamu.edu/fcrepo/rest/bb/97/f2/3e/bb97f23e-803a-4bd6-8406-06802623554c/cole-papers_objects/15/pages/page_8/files/0009.tif
2025-12-15T21:00:18.359000+00:00,1951-08,false,fedoraAdmin,"Letter to J. R. Cole II from M. T. Harrington, August 27, 1951",Box 1 Folder 11 J. R. Cole Papers,fedoraAdmin,https://api-pre.library.tamu.edu/fcrepo/rest/bb/97/f2/3e/bb97f23e-803a-4bd6-8406-06802623554c/cole-papers_objects/5/pages|https://api-pre.library.tamu.edu/fcrepo/rest/bb/97/f2/3e/bb97f23e-803a-4bd6-8406-06802623554c/cole-papers_objects/5/orderProxies,2025-12-15T21:00:18.359000+00:00,1951-08,https://api-pre.library.tamu.edu/fcrepo/rest/bb/97/f2/3e/bb97f23e-803a-4bd6-8406-06802623554c/cole-papers_objects,https://api-pre.library.tamu.edu/fcrepo/rest/bb/97/f2/3e/bb97f23e-803a-4bd6-8406-06802623554c/cole-papers_objects/5/pages/page_0/files/0001.tif
2025-12-15T21:00:28.487000+00:00,1954-12,false,fedoraAdmin,"Letter to David Brooks Cofer from J. R. Cole II, December 9, 1954",Box 1 Folder 13 J. R. Cole Papers,fedoraAdmin,https://api-pre.library.tamu.edu/fcrepo/rest/bb/97/f2/3e/bb97f23e-803a-4bd6-8406-06802623554c/cole-papers_objects/8/orderProxies|https://api-pre.library.tamu.edu/fcrepo/rest/bb/97/f2/3e/bb97f23e-803a-4bd6-8406-06802623554c/cole-papers_objects/8/pages,2025-12-15T21:00:28.487000+00:00,1954-12,https://api-pre.library.tamu.edu/fcrepo/rest/bb/97/f2/3e/bb97f23e-803a-4bd6-8406-06802623554c/cole-papers_objects,https://api-pre.library.tamu.edu/fcrepo/rest/bb/97/f2/3e/bb97f23e-803a-4bd6-8406-06802623554c/cole-papers_objects/8/pages/page_0/files/0001.tif|https://api-pre.library.tamu.edu/fcrepo/rest/bb/97/f2/3e/bb97f23e-803a-4bd6-8406-06802623554c/cole-papers_objects/8/pages/page_1/files/0002.tif|https://api-pre.library.tamu.edu/fcrepo/rest/bb/97/f2/3e/bb97f23e-803a-4bd6-8406-06802623554c/cole-papers_objects/8/pages/page_2/files/0003.tif
2025-12-15T20:59:49.508000+00:00,1884-08,false,fedoraAdmin,"Report of J. R. Cole, Third Administrator for A & M Students, August 1884",Box 1 Folder 19 J. R. Cole Papers,fedoraAdmin,https://api-pre.library.tamu.edu/fcrepo/rest/bb/97/f2/3e/bb97f23e-803a-4bd6-8406-06802623554c/cole-papers_objects/16/pages|https://api-pre.library.tamu.edu/fcrepo/rest/bb/97/f2/3e/bb97f23e-803a-4bd6-8406-06802623554c/cole-papers_objects/16/orderProxies,2025-12-15T20:59:49.508000+00:00,1884-08,https://api-pre.library.tamu.edu/fcrepo/rest/bb/97/f2/3e/bb97f23e-803a-4bd6-8406-06802623554c/cole-papers_objects,https://api-pre.library.tamu.edu/fcrepo/rest/bb/97/f2/3e/bb97f23e-803a-4bd6-8406-06802623554c/cole-papers_objects/16/pages/page_0/files/0001.tif|https://api-pre.library.tamu.edu/fcrepo/rest/bb/97/f2/3e/bb97f23e-803a-4bd6-8406-06802623554c/cole-papers_objects/16/pages/page_1/files/0002.tif|https://api-pre.library.tamu.edu/fcrepo/rest/bb/97/f2/3e/bb97f23e-803a-4bd6-8406-06802623554c/cole-papers_objects/16/pages/page_2/files/0003.tif|https://api-pre.library.tamu.edu/fcrepo/rest/bb/97/f2/3e/bb97f23e-803a-4bd6-8406-06802623554c/cole-papers_objects/16/pages/page_3/files/0004.tif|https://api-pre.library.tamu.edu/fcrepo/rest/bb/97/f2/3e/bb97f23e-803a-4bd6-8406-06802623554c/cole-papers_objects/16/pages/page_4/files/0005.tif|https://api-pre.library.tamu.edu/fcrepo/rest/bb/97/f2/3e/bb97f23e-803a-4bd6-8406-06802623554c/cole-papers_objects/16/pages/page_5/files/0006.tif|https://api-pre.library.tamu.edu/fcrepo/rest/bb/97/f2/3e/bb97f23e-803a-4bd6-8406-06802623554c/cole-papers_objects/16/pages/page_6/files/0007.tif
2025-12-15T20:58:55.519000+00:00,1971-01,false,fedoraAdmin,"Letter to Grace D. Taylor from Ernest Langford, January 5, 1971",Box 1 Folder 16 J. R. Cole Papers,fedoraAdmin,https://api-pre.library.tamu.edu/fcrepo/rest/bb/97/f2/3e/bb97f23e-803a-4bd6-8406-06802623554c/cole-papers_objects/13/pages|https://api-pre.library.tamu.edu/fcrepo/rest/bb/97/f2/3e/bb97f23e-803a-4bd6-8406-06802623554c/cole-papers_objects/13/orderProxies,2025-12-15T20:58:55.519000+00:00,1971-01,https://api-pre.library.tamu.edu/fcrepo/rest/bb/97/f2/3e/bb97f23e-803a-4bd6-8406-06802623554c/cole-papers_objects,https://api-pre.library.tamu.edu/fcrepo/rest/bb/97/f2/3e/bb97f23e-803a-4bd6-8406-06802623554c/cole-papers_objects/13/pages/page_0/files/0001.tif
2025-12-15T21:00:02.600000+00:00,1882-01,false,fedoraAdmin,"Letter from J. R. Cole to an unknown recipient, Action of the Faculty on receiving intelligence of the death of Lieutenant Governor E. B. Pickett, January 1882",Box 1 Folder 8 J. R. Cole Papers,fedoraAdmin,https://api-pre.library.tamu.edu/fcrepo/rest/bb/97/f2/3e/bb97f23e-803a-4bd6-8406-06802623554c/cole-papers_objects/26/orderProxies|https://api-pre.library.tamu.edu/fcrepo/rest/bb/97/f2/3e/bb97f23e-803a-4bd6-8406-06802623554c/cole-papers_objects/26/pages,2025-12-15T21:00:02.600000+00:00,1882-01,https://api-pre.library.tamu.edu/fcrepo/rest/bb/97/f2/3e/bb97f23e-803a-4bd6-8406-06802623554c/cole-papers_objects,https://api-pre.library.tamu.edu/fcrepo/rest/bb/97/f2/3e/bb97f23e-803a-4bd6-8406-06802623554c/cole-papers_objects/26/pages/page_0/files/0001.tif
2025-12-15T21:00:01.278000+00:00,1872-08,false,fedoraAdmin,"Teacher's Renewal Certificate from the State of Texas, Office of Superintendent of Public Instruction to J. R. Cole, August 12, 1872",Box 1 Folder 1 J. R. Cole Papers,fedoraAdmin,https://api-pre.library.tamu.edu/fcrepo/rest/bb/97/f2/3e/bb97f23e-803a-4bd6-8406-06802623554c/cole-papers_objects/3/pages|https://api-pre.library.tamu.edu/fcrepo/rest/bb/97/f2/3e/bb97f23e-803a-4bd6-8406-06802623554c/cole-papers_objects/3/orderProxies,2025-12-15T21:00:01.278000+00:00,1872-08,https://api-pre.library.tamu.edu/fcrepo/rest/bb/97/f2/3e/bb97f23e-803a-4bd6-8406-06802623554c/cole-papers_objects,https://api-pre.library.tamu.edu/fcrepo/rest/bb/97/f2/3e/bb97f23e-803a-4bd6-8406-06802623554c/cole-papers_objects/3/pages/page_0/files/0001.tif
2025-12-15T20:59:51.851000+00:00,1879-11,false,fedoraAdmin,"Letter to J. R. Cole from Thomas S. Gathright, November 4, 1879",Box 1 Folder 5 J. R. Cole Papers,fedoraAdmin,https://api-pre.library.tamu.edu/fcrepo/rest/bb/97/f2/3e/bb97f23e-803a-4bd6-8406-06802623554c/cole-papers_objects/23/pages|https://api-pre.library.tamu.edu/fcrepo/rest/bb/97/f2/3e/bb97f23e-803a-4bd6-8406-06802623554c/cole-papers_objects/23/orderProxies,2025-12-15T20:59:51.851000+00:00,1879-11,https://api-pre.library.tamu.edu/fcrepo/rest/bb/97/f2/3e/bb97f23e-803a-4bd6-8406-06802623554c/cole-papers_objects,https://api-pre.library.tamu.edu/fcrepo/rest/bb/97/f2/3e/bb97f23e-803a-4bd6-8406-06802623554c/cole-papers_objects/23/pages/page_0/files/0001.tif|https://api-pre.library.tamu.edu/fcrepo/rest/bb/97/f2/3e/bb97f23e-803a-4bd6-8406-06802623554c/cole-papers_objects/23/pages/page_1/files/0002.tif|https://api-pre.library.tamu.edu/fcrepo/rest/bb/97/f2/3e/bb97f23e-803a-4bd6-8406-06802623554c/cole-papers_objects/23/pages/page_2/files/0003.tif|https://api-pre.library.tamu.edu/fcrepo/rest/bb/97/f2/3e/bb97f23e-803a-4bd6-8406-06802623554c/cole-papers_objects/23/pages/page_3/files/0004.tif
2025-12-15T20:59:34.285000+00:00,1883-03,false,fedoraAdmin,"Handwritten diary entry on J. G. James letterhead paper, March 15-19, 1883",Box 1 Folder 18 J. R. Cole Papers,fedoraAdmin,https://api-pre.library.tamu.edu/fcrepo/rest/bb/97/f2/3e/bb97f23e-803a-4bd6-8406-06802623554c/cole-papers_objects/14/pages|https://api-pre.library.tamu.edu/fcrepo/rest/bb/97/f2/3e/bb97f23e-803a-4bd6-8406-06802623554c/cole-papers_objects/14/orderProxies,2025-12-15T20:59:34.285000+00:00,1883-03,https://api-pre.library.tamu.edu/fcrepo/rest/bb/97/f2/3e/bb97f23e-803a-4bd6-8406-06802623554c/cole-papers_objects,https://api-pre.library.tamu.edu/fcrepo/rest/bb/97/f2/3e/bb97f23e-803a-4bd6-8406-06802623554c/cole-papers_objects/14/pages/page_0/files/0001.tif|https://api-pre.library.tamu.edu/fcrepo/rest/bb/97/f2/3e/bb97f23e-803a-4bd6-8406-06802623554c/cole-papers_objects/14/pages/page_1/files/0002.tif|https://api-pre.library.tamu.edu/fcrepo/rest/bb/97/f2/3e/bb97f23e-803a-4bd6-8406-06802623554c/cole-papers_objects/14/pages/page_2/files/0003.tif|https://api-pre.library.tamu.edu/fcrepo/rest/bb/97/f2/3e/bb97f23e-803a-4bd6-8406-06802623554c/cole-papers_objects/14/pages/page_3/files/0004.tif|https://api-pre.library.tamu.edu/fcrepo/rest/bb/97/f2/3e/bb97f23e-803a-4bd6-8406-06802623554c/cole-papers_objects/14/pages/page_4/files/0005.tif|https://api-pre.library.tamu.edu/fcrepo/rest/bb/97/f2/3e/bb97f23e-803a-4bd6-8406-06802623554c/cole-papers_objects/14/pages/page_5/files/0006.tif|https://api-pre.library.tamu.edu/fcrepo/rest/bb/97/f2/3e/bb97f23e-803a-4bd6-8406-06802623554c/cole-papers_objects/14/pages/page_6/files/0007.tif
