fedora_createdBy,fedora_lastModifiedBy,fedora_hasParent,dc_title,ldp_contains,fedora_lastModified,dc_identifier,fedora_created,fedora_writable,files
fedoraAdmin,fedoraAdmin,https://api-pre.library.tamu.edu/fcrepo/rest/bb/97/f2/3e/bb97f23e-803a-4bd6-8406-06802623554c/saf-output_objects,SL4F00178,https://api-pre.library.tamu.edu/fcrepo/rest/bb/97/f2/3e/bb97f23e-803a-4bd6-8406-06802623554c/saf-output_objects/35/orderProxies|https://api-pre.library.tamu.edu/fcrepo/rest/bb/97/f2/3e/bb97f23e-803a-4bd6-8406-06802623554c/saf-output_objects/35/pages,2025-07-14T13:38:34.646000+00:00,hernan-conteras_016,2025-07-14T13:38:34.646000+00:00,false,https://api-pre.library.tamu.edu/fcrepo/rest/bb/97/f2/3e/bb97f23e-803a-4bd6-8406-06802623554c/saf-output_objects/35/pages/page_0/files/hernan-conteras_016_access.mp3
fedoraAdmin,fedoraAdmin,https://api-pre.library.tamu.edu/fcrepo/rest/bb/97/f2/3e/bb97f23e-803a-4bd6-8406-06802623554c/saf-output_objects,SL4F00182,https://api-pre.library.tamu.edu/fcrepo/rest/bb/97/f2/3e/bb97f23e-803a-4bd6-8406-06802623554c/saf-output_objects/38/orderProxies|https://api-pre.library.tamu.edu/fcrepo/rest/bb/97/f2/3e/bb97f23e-803a-4bd6-8406-06802623554c/saf-output_objects/38/pages,2025-07-14T13:38:42.706000+00:00,hernan-conteras_019,2025-07-14T13:38:42.706000+00:00,false,https://api-pre.library.tamu.edu/fcrepo/rest/bb/97/f2/3e/bb97f23e-803a-4bd6-8406-06802623554c/saf-output_objects/38/pages/page_0/files/hernan-conteras_019_access.mp3
fedoraAdmin,fedoraAdmin,https://api-pre.library.tamu.edu/fcrepo/rest/bb/97/f2/3e/bb97f23e-803a-4bd6-8406-06802623554c/saf-output_objects,Apollo 15 - EVA #3,https://api-pre.library.tamu.edu/fcrepo/rest/bb/97/f2/3e/bb97f23e-803a-4bd6-8406-06802623554c/saf-output_objects/20/orderProxies|https://api-pre.library.tamu.edu/fcrepo/rest/bb/97/f2/3e/bb97f23e-803a-4bd6-8406-06802623554c/saf-output_objects/20/pages,2025-07-14T13:37:45.843000+00:00,hernan-conteras_001,2025-07-14T13:37:45.843000+00:00,false,https://api-pre.library.tamu.edu/fcrepo/rest/bb/97/f2/3e/bb97f23e-803a-4bd6-8406-06802623554c/saf-output_objects/20/pages/page_0/files/hernan-conteras_001_access.mp3
fedoraAdmin,fedoraAdmin,https://api-pre.library.tamu.edu/fcrepo/rest/bb/97/f2/3e/bb97f23e-803a-4bd6-8406-06802623554c/saf-output_objects,NASA Special Report #237: The Flight of Discovery,https://api-pre.library.tamu.edu/fcrepo/rest/bb/97/f2/3e/bb97f23e-803a-4bd6-8406-06802623554c/saf-output_objects/15/pages|https://api-pre.library.tamu.edu/fcrepo/rest/bb/97/f2/3e/bb97f23e-803a-4bd6-8406-06802623554c/saf-output_objects/15/orderProxies,2025-07-14T13:37:26.660000+00:00,gerald-griffin_021b,2025-07-14T13:37:26.660000+00:00,false,https://api-pre.library.tamu.edu/fcrepo/rest/bb/97/f2/3e/bb97f23e-803a-4bd6-8406-06802623554c/saf-output_objects/15/pages/page_0/files/gerald-griffin_021b_access.mp3
fedoraAdmin,fedoraAdmin,https://api-pre.library.tamu.edu/fcrepo/rest/bb/97/f2/3e/bb97f23e-803a-4bd6-8406-06802623554c/saf-output_objects,NASA Space Stories 1084-1087,https://api-pre.library.tamu.edu/fcrepo/rest/bb/97/f2/3e/bb97f23e-803a-4bd6-8406-06802623554c/saf-output_objects/18/pages|https://api-pre.library.tamu.edu/fcrepo/rest/bb/97/f2/3e/bb97f23e-803a-4bd6-8406-06802623554c/saf-output_objects/18/orderProxies,2025-07-14T13:37:48.741000+00:00,gerald-griffin_023a,2025-07-14T13:37:48.741000+00:00,false,https://api-pre.library.tamu.edu/fcrepo/rest/bb/97/f2/3e/bb97f23e-803a-4bd6-8406-06802623554c/saf-output_objects/18/pages/page_0/files/gerald-griffin_023a_access.mp3
fedoraAdmin,fedoraAdmin,https://api-pre.library.tamu.edu/fcrepo/rest/bb/97/f2/3e/bb97f23e-803a-4bd6-8406-06802623554c/saf-output_objects,Press Conference with Bob Crippen and John Young after first STS-1 flight - Part 2,https://api-pre.library.tamu.edu/fcrepo/rest/bb/97/f2/3e/bb97f23e-803a-4bd6-8406-06802623554c/saf-output_objects/10/orderProxies|https://api-pre.library.tamu.edu/fcrepo/rest/bb/97/f2/3e/bb97f23e-803a-4bd6-8406-06802623554c/saf-output_objects/10/pages,2025-07-14T13:37:01.986000+00:00,gerald-griffin_018b,2025-07-14T13:37:01.986000+00:00,false,https://api-pre.library.tamu.edu/fcrepo/rest/bb/97/f2/3e/bb97f23e-803a-4bd6-8406-06802623554c/saf-output_objects/10/pages/page_0/files/gerald-griffin_018b_access.mp3
fedoraAdmin,fedoraAdmin,https://api-pre.library.tamu.edu/fcrepo/rest/bb/97/f2/3e/bb97f23e-803a-4bd6-8406-06802623554c/saf-output_objects,Apollo 15 -- 6,https://api-pre.library.tamu.edu/fcrepo/rest/bb/97/f2/3e/bb97f23e-803a-4bd6-8406-06802623554c/saf-output_objects/23/pages|https://api-pre.library.tamu.edu/fcrepo/rest/bb/97/f2/3e/bb97f23e-803a-4bd6-8406-06802623554c/saf-output_objects/23/orderProxies,2025-07-14T13:37:56.056000+00:00,hernan-conteras_004,2025-07-14T13:37:56.056000+00:00,false,https://api-pre.library.tamu.edu/fcrepo/rest/bb/97/f2/3e/bb97f23e-803a-4bd6-8406-06802623554c/saf-output_objects/23/pages/page_0/files/hernan-conteras_004_access.mp3
fedoraAdmin,fedoraAdmin,https://api-pre.library.tamu.edu/fcrepo/rest/bb/97/f2/3e/bb97f23e-803a-4bd6-8406-06802623554c/saf-output_objects,Apollo 16 - - 9,https://api-pre.library.tamu.edu/fcrepo/rest/bb/97/f2/3e/bb97f23e-803a-4bd6-8406-06802623554c/saf-output_objects/26/orderProxies|https://api-pre.library.tamu.edu/fcrepo/rest/bb/97/f2/3e/bb97f23e-803a-4bd6-8406-06802623554c/saf-output_objects/26/pages,2025-07-14T13:38:05.687000+00:00,hernan-conteras_007,2025-07-14T13:38:05.687000+00:00,false,https://api-pre.library.tamu.edu/fcrepo/rest/bb/97/f2/3e/bb97f23e-803a-4bd6-8406-06802623554c/saf-output_objects/26/pages/page_0/files/hernan-conteras_007_access.mp3
fedoraAdmin,fedoraAdmin,https://api-pre.library.tamu.edu/fcrepo/rest/bb/97/f2/3e/bb97f23e-803a-4bd6-8406-06802623554c/saf-output_objects,"Flying the Apollo Missions, part 1",https://api-pre.library.tamu.edu/fcrepo/rest/bb/97/f2/3e/bb97f23e-803a-4bd6-8406-06802623554c/saf-output_objects/3/pages|https://api-pre.library.tamu.edu/fcrepo/rest/bb/97/f2/3e/bb97f23e-803a-4bd6-8406-06802623554c/saf-output_objects/3/orderProxies,2025-07-14T13:38:49.123000+00:00,gerald-griffin_002,2025-07-14T13:38:49.123000+00:00,false,https://api-pre.library.tamu.edu/fcrepo/rest/bb/97/f2/3e/bb97f23e-803a-4bd6-8406-06802623554c/saf-output_objects/3/pages/page_0/files/gerald-griffin_002_access.mp3
fedoraAdmin,fedoraAdmin,https://api-pre.library.tamu.edu/fcrepo/rest/bb/97/f2/3e/bb97f23e-803a-4bd6-8406-06802623554c/saf-output_objects,"Flying the Apollo Missions, part 2",https://api-pre.library.tamu.edu/fcrepo/rest/bb/97/f2/3e/bb97f23e-803a-4bd6-8406-06802623554c/saf-output_objects/4/pages|https://api-pre.library.tamu.edu/fcrepo/rest/bb/97/f2/3e/bb97f23e-803a-4bd6-8406-06802623554c/saf-output_objects/4/orderProxies,2025-07-14T13:38:54.325000+00:00,gerald-griffin_003,2025-07-14T13:38:54.325000+00:00,false,https://api-pre.library.tamu.edu/fcrepo/rest/bb/97/f2/3e/bb97f23e-803a-4bd6-8406-06802623554c/saf-output_objects/4/pages/page_0/files/gerald-griffin_003_access.mp3
fedoraAdmin,fedoraAdmin,https://api-pre.library.tamu.edu/fcrepo/rest/bb/97/f2/3e/bb97f23e-803a-4bd6-8406-06802623554c/saf-output_objects,Memorial Service for Alan B. Shepard Jr,https://api-pre.library.tamu.edu/fcrepo/rest/bb/97/f2/3e/bb97f23e-803a-4bd6-8406-06802623554c/saf-output_objects/7/orderProxies|https://api-pre.library.tamu.edu/fcrepo/rest/bb/97/f2/3e/bb97f23e-803a-4bd6-8406-06802623554c/saf-output_objects/7/pages,2025-07-14T13:39:41.392000+00:00,gerald-griffin_013,2025-07-14T13:39:41.392000+00:00,false,https://api-pre.library.tamu.edu/fcrepo/rest/bb/97/f2/3e/bb97f23e-803a-4bd6-8406-06802623554c/saf-output_objects/7/pages/page_0/files/gerald-griffin_013_access.mp3
fedoraAdmin,fedoraAdmin,https://api-pre.library.tamu.edu/fcrepo/rest/bb/97/f2/3e/bb97f23e-803a-4bd6-8406-06802623554c/saf-output_objects,"Apollo XII ""The Intrepid Voyage""",https://api-pre.library.tamu.edu/fcrepo/rest/bb/97/f2/3e/bb97f23e-803a-4bd6-8406-06802623554c/saf-output_objects/42/pages|https://api-pre.library.tamu.edu/fcrepo/rest/bb/97/f2/3e/bb97f23e-803a-4bd6-8406-06802623554c/saf-output_objects/42/orderProxies,2025-07-14T13:39:10.996000+00:00,gerald-griffin_004,2025-07-14T13:39:10.996000+00:00,false,https://api-pre.library.tamu.edu/fcrepo/rest/bb/97/f2/3e/bb97f23e-803a-4bd6-8406-06802623554c/saf-output_objects/42/pages/page_0/files/gerald-griffin_004_access.mp3
fedoraAdmin,fedoraAdmin,https://api-pre.library.tamu.edu/fcrepo/rest/bb/97/f2/3e/bb97f23e-803a-4bd6-8406-06802623554c/saf-output_objects,Apollo 13: The Untold Story,https://api-pre.library.tamu.edu/fcrepo/rest/bb/97/f2/3e/bb97f23e-803a-4bd6-8406-06802623554c/saf-output_objects/43/orderProxies|https://api-pre.library.tamu.edu/fcrepo/rest/bb/97/f2/3e/bb97f23e-803a-4bd6-8406-06802623554c/saf-output_objects/43/pages,2025-07-14T13:39:06.539000+00:00,gerald-griffin_005,2025-07-14T13:39:06.539000+00:00,false,https://api-pre.library.tamu.edu/fcrepo/rest/bb/97/f2/3e/bb97f23e-803a-4bd6-8406-06802623554c/saf-output_objects/43/pages/page_0/files/gerald-griffin_005_access.mp3
fedoraAdmin,fedoraAdmin,https://api-pre.library.tamu.edu/fcrepo/rest/bb/97/f2/3e/bb97f23e-803a-4bd6-8406-06802623554c/saf-output_objects,"""The Challenge""",https://api-pre.library.tamu.edu/fcrepo/rest/bb/97/f2/3e/bb97f23e-803a-4bd6-8406-06802623554c/saf-output_objects/46/orderProxies|https://api-pre.library.tamu.edu/fcrepo/rest/bb/97/f2/3e/bb97f23e-803a-4bd6-8406-06802623554c/saf-output_objects/46/pages,2025-07-14T13:39:12.303000+00:00,gerald-griffin_010,2025-07-14T13:39:12.303000+00:00,false,https://api-pre.library.tamu.edu/fcrepo/rest/bb/97/f2/3e/bb97f23e-803a-4bd6-8406-06802623554c/saf-output_objects/46/pages/page_0/files/gerald-griffin_010_access.mp3
fedoraAdmin,fedoraAdmin,https://api-pre.library.tamu.edu/fcrepo/rest/bb/97/f2/3e/bb97f23e-803a-4bd6-8406-06802623554c/saf-output_objects,"SS 1704 ""Apollo II. . .15th Anniversary"" NASA Special Report #236: Apollo II. . .an anniversary program with sound effects",https://api-pre.library.tamu.edu/fcrepo/rest/bb/97/f2/3e/bb97f23e-803a-4bd6-8406-06802623554c/saf-output_objects/13/pages|https://api-pre.library.tamu.edu/fcrepo/rest/bb/97/f2/3e/bb97f23e-803a-4bd6-8406-06802623554c/saf-output_objects/13/orderProxies,2025-07-14T13:37:29.225000+00:00,gerald-griffin_020b,2025-07-14T13:37:29.225000+00:00,false,https://api-pre.library.tamu.edu/fcrepo/rest/bb/97/f2/3e/bb97f23e-803a-4bd6-8406-06802623554c/saf-output_objects/13/pages/page_0/files/gerald-griffin_020b_access.mp3
fedoraAdmin,fedoraAdmin,https://api-pre.library.tamu.edu/fcrepo/rest/bb/97/f2/3e/bb97f23e-803a-4bd6-8406-06802623554c/saf-output_objects,SL3F00120,https://api-pre.library.tamu.edu/fcrepo/rest/bb/97/f2/3e/bb97f23e-803a-4bd6-8406-06802623554c/saf-output_objects/28/orderProxies|https://api-pre.library.tamu.edu/fcrepo/rest/bb/97/f2/3e/bb97f23e-803a-4bd6-8406-06802623554c/saf-output_objects/28/pages,2025-07-14T13:38:12.616000+00:00,hernan-conteras_009,2025-07-14T13:38:12.616000+00:00,false,https://api-pre.library.tamu.edu/fcrepo/rest/bb/97/f2/3e/bb97f23e-803a-4bd6-8406-06802623554c/saf-output_objects/28/pages/page_0/files/hernan-conteras_009_access.mp3
fedoraAdmin,fedoraAdmin,https://api-pre.library.tamu.edu/fcrepo/rest/bb/97/f2/3e/bb97f23e-803a-4bd6-8406-06802623554c/saf-output_objects,SL4F00172,https://api-pre.library.tamu.edu/fcrepo/rest/bb/97/f2/3e/bb97f23e-803a-4bd6-8406-06802623554c/saf-output_objects/33/orderProxies|https://api-pre.library.tamu.edu/fcrepo/rest/bb/97/f2/3e/bb97f23e-803a-4bd6-8406-06802623554c/saf-output_objects/33/pages,2025-07-14T13:38:28.110000+00:00,hernan-conteras_014,2025-07-14T13:38:28.110000+00:00,false,https://api-pre.library.tamu.edu/fcrepo/rest/bb/97/f2/3e/bb97f23e-803a-4bd6-8406-06802623554c/saf-output_objects/33/pages/page_0/files/hernan-conteras_014_access.mp3
fedoraAdmin,fedoraAdmin,https://api-pre.library.tamu.edu/fcrepo/rest/bb/97/f2/3e/bb97f23e-803a-4bd6-8406-06802623554c/saf-output_objects,SL4F00180,https://api-pre.library.tamu.edu/fcrepo/rest/bb/97/f2/3e/bb97f23e-803a-4bd6-8406-06802623554c/saf-output_objects/36/pages|https://api-pre.library.tamu.edu/fcrepo/rest/bb/97/f2/3e/bb97f23e-803a-4bd6-8406-06802623554c/saf-output_objects/36/orderProxies,2025-07-14T13:38:37.445000+00:00,hernan-conteras_017,2025-07-14T13:38:37.445000+00:00,false,https://api-pre.library.tamu.edu/fcrepo/rest/bb/97/f2/3e/bb97f23e-803a-4bd6-8406-06802623554c/saf-output_objects/36/pages/page_0/files/hernan-conteras_017_access.mp3
fedoraAdmin,fedoraAdmin,https://api-pre.library.tamu.edu/fcrepo/rest/bb/97/f2/3e/bb97f23e-803a-4bd6-8406-06802623554c/saf-output_objects,Columbia Final Mission,https://api-pre.library.tamu.edu/fcrepo/rest/bb/97/f2/3e/bb97f23e-803a-4bd6-8406-06802623554c/saf-output_objects/49/orderProxies|https://api-pre.library.tamu.edu/fcrepo/rest/bb/97/f2/3e/bb97f23e-803a-4bd6-8406-06802623554c/saf-output_objects/49/pages,2025-07-14T13:39:23.198000+00:00,gerald-griffin_015,2025-07-14T13:39:23.198000+00:00,false,https://api-pre.library.tamu.edu/fcrepo/rest/bb/97/f2/3e/bb97f23e-803a-4bd6-8406-06802623554c/saf-output_objects/49/pages/page_0/files/gerald-griffin_015_access.mp3
fedoraAdmin,fedoraAdmin,https://api-pre.library.tamu.edu/fcrepo/rest/bb/97/f2/3e/bb97f23e-803a-4bd6-8406-06802623554c/saf-output_objects,NASA Space Stories 1080-1083,https://api-pre.library.tamu.edu/fcrepo/rest/bb/97/f2/3e/bb97f23e-803a-4bd6-8406-06802623554c/saf-output_objects/16/pages|https://api-pre.library.tamu.edu/fcrepo/rest/bb/97/f2/3e/bb97f23e-803a-4bd6-8406-06802623554c/saf-output_objects/16/orderProxies,2025-07-14T13:37:39.693000+00:00,gerald-griffin_022a,2025-07-14T13:37:39.693000+00:00,false,https://api-pre.library.tamu.edu/fcrepo/rest/bb/97/f2/3e/bb97f23e-803a-4bd6-8406-06802623554c/saf-output_objects/16/pages/page_0/files/gerald-griffin_022a_access.mp3
fedoraAdmin,fedoraAdmin,https://api-pre.library.tamu.edu/fcrepo/rest/bb/97/f2/3e/bb97f23e-803a-4bd6-8406-06802623554c/saf-output_objects,Apollo 15 -- 1,https://api-pre.library.tamu.edu/fcrepo/rest/bb/97/f2/3e/bb97f23e-803a-4bd6-8406-06802623554c/saf-output_objects/21/orderProxies|https://api-pre.library.tamu.edu/fcrepo/rest/bb/97/f2/3e/bb97f23e-803a-4bd6-8406-06802623554c/saf-output_objects/21/pages,2025-07-14T13:37:48.927000+00:00,hernan-conteras_002,2025-07-14T13:37:48.927000+00:00,false,https://api-pre.library.tamu.edu/fcrepo/rest/bb/97/f2/3e/bb97f23e-803a-4bd6-8406-06802623554c/saf-output_objects/21/pages/page_0/files/hernan-conteras_002_access.mp3
fedoraAdmin,fedoraAdmin,https://api-pre.library.tamu.edu/fcrepo/rest/bb/97/f2/3e/bb97f23e-803a-4bd6-8406-06802623554c/saf-output_objects,Apollo 15 -- 9,https://api-pre.library.tamu.edu/fcrepo/rest/bb/97/f2/3e/bb97f23e-803a-4bd6-8406-06802623554c/saf-output_objects/24/orderProxies|https://api-pre.library.tamu.edu/fcrepo/rest/bb/97/f2/3e/bb97f23e-803a-4bd6-8406-06802623554c/saf-output_objects/24/pages,2025-07-14T13:38:01.696000+00:00,hernan-conteras_005,2025-07-14T13:38:01.696000+00:00,false,https://api-pre.library.tamu.edu/fcrepo/rest/bb/97/f2/3e/bb97f23e-803a-4bd6-8406-06802623554c/saf-output_objects/24/pages/page_0/files/hernan-conteras_005_access.mp3
fedoraAdmin,fedoraAdmin,https://api-pre.library.tamu.edu/fcrepo/rest/bb/97/f2/3e/bb97f23e-803a-4bd6-8406-06802623554c/saf-output_objects,Clayton Memorial Lecture Space Shuttle Orbiter,https://api-pre.library.tamu.edu/fcrepo/rest/bb/97/f2/3e/bb97f23e-803a-4bd6-8406-06802623554c/saf-output_objects/50/orderProxies|https://api-pre.library.tamu.edu/fcrepo/rest/bb/97/f2/3e/bb97f23e-803a-4bd6-8406-06802623554c/saf-output_objects/50/pages,2025-07-14T13:39:35.700000+00:00,gerald-griffin_016,2025-07-14T13:39:35.700000+00:00,false,https://api-pre.library.tamu.edu/fcrepo/rest/bb/97/f2/3e/bb97f23e-803a-4bd6-8406-06802623554c/saf-output_objects/50/pages/page_0/files/gerald-griffin_016_access.mp3
fedoraAdmin,fedoraAdmin,https://api-pre.library.tamu.edu/fcrepo/rest/bb/97/f2/3e/bb97f23e-803a-4bd6-8406-06802623554c/saf-output_objects,Apollo 13 Retrospective-The Real Stuff,https://api-pre.library.tamu.edu/fcrepo/rest/bb/97/f2/3e/bb97f23e-803a-4bd6-8406-06802623554c/saf-output_objects/5/orderProxies|https://api-pre.library.tamu.edu/fcrepo/rest/bb/97/f2/3e/bb97f23e-803a-4bd6-8406-06802623554c/saf-output_objects/5/pages,2025-07-14T13:39:32.580000+00:00,gerald-griffin_006,2025-07-14T13:39:32.580000+00:00,false,https://api-pre.library.tamu.edu/fcrepo/rest/bb/97/f2/3e/bb97f23e-803a-4bd6-8406-06802623554c/saf-output_objects/5/pages/page_0/files/gerald-griffin_006_access.mp3
fedoraAdmin,fedoraAdmin,https://api-pre.library.tamu.edu/fcrepo/rest/bb/97/f2/3e/bb97f23e-803a-4bd6-8406-06802623554c/saf-output_objects,"NASA: Houston, we've got a problem",https://api-pre.library.tamu.edu/fcrepo/rest/bb/97/f2/3e/bb97f23e-803a-4bd6-8406-06802623554c/saf-output_objects/44/pages|https://api-pre.library.tamu.edu/fcrepo/rest/bb/97/f2/3e/bb97f23e-803a-4bd6-8406-06802623554c/saf-output_objects/44/orderProxies,2025-07-14T13:39:09.781000+00:00,gerald-griffin_007,2025-07-14T13:39:09.781000+00:00,false,https://api-pre.library.tamu.edu/fcrepo/rest/bb/97/f2/3e/bb97f23e-803a-4bd6-8406-06802623554c/saf-output_objects/44/pages/page_0/files/gerald-griffin_007_access.mp3
fedoraAdmin,fedoraAdmin,https://api-pre.library.tamu.edu/fcrepo/rest/bb/97/f2/3e/bb97f23e-803a-4bd6-8406-06802623554c/saf-output_objects,NASA Special Report 239: Space Flight Participant Program,https://api-pre.library.tamu.edu/fcrepo/rest/bb/97/f2/3e/bb97f23e-803a-4bd6-8406-06802623554c/saf-output_objects/19/pages|https://api-pre.library.tamu.edu/fcrepo/rest/bb/97/f2/3e/bb97f23e-803a-4bd6-8406-06802623554c/saf-output_objects/19/orderProxies,2025-07-14T13:37:47.118000+00:00,gerald-griffin_023b,2025-07-14T13:37:47.118000+00:00,false,https://api-pre.library.tamu.edu/fcrepo/rest/bb/97/f2/3e/bb97f23e-803a-4bd6-8406-06802623554c/saf-output_objects/19/pages/page_0/files/gerald-griffin_023b_access.mp3
fedoraAdmin,fedoraAdmin,https://api-pre.library.tamu.edu/fcrepo/rest/bb/97/f2/3e/bb97f23e-803a-4bd6-8406-06802623554c/saf-output_objects,NASA Space Note No. 82,https://api-pre.library.tamu.edu/fcrepo/rest/bb/97/f2/3e/bb97f23e-803a-4bd6-8406-06802623554c/saf-output_objects/11/pages|https://api-pre.library.tamu.edu/fcrepo/rest/bb/97/f2/3e/bb97f23e-803a-4bd6-8406-06802623554c/saf-output_objects/11/orderProxies,2025-07-14T13:37:24.441000+00:00,gerald-griffin_019a,2025-07-14T13:37:24.441000+00:00,false,https://api-pre.library.tamu.edu/fcrepo/rest/bb/97/f2/3e/bb97f23e-803a-4bd6-8406-06802623554c/saf-output_objects/11/pages/page_0/files/gerald-griffin_019a_access.mp3
fedoraAdmin,fedoraAdmin,https://api-pre.library.tamu.edu/fcrepo/rest/bb/97/f2/3e/bb97f23e-803a-4bd6-8406-06802623554c/saf-output_objects,NASA Space Stories 1076-1079,https://api-pre.library.tamu.edu/fcrepo/rest/bb/97/f2/3e/bb97f23e-803a-4bd6-8406-06802623554c/saf-output_objects/14/orderProxies|https://api-pre.library.tamu.edu/fcrepo/rest/bb/97/f2/3e/bb97f23e-803a-4bd6-8406-06802623554c/saf-output_objects/14/pages,2025-07-14T13:37:29.297000+00:00,gerald-griffin_021a,2025-07-14T13:37:29.297000+00:00,false,https://api-pre.library.tamu.edu/fcrepo/rest/bb/97/f2/3e/bb97f23e-803a-4bd6-8406-06802623554c/saf-output_objects/14/pages/page_0/files/gerald-griffin_021a_access.mp3
fedoraAdmin,fedoraAdmin,https://api-pre.library.tamu.edu/fcrepo/rest/bb/97/f2/3e/bb97f23e-803a-4bd6-8406-06802623554c/saf-output_objects,SL4F00188,https://api-pre.library.tamu.edu/fcrepo/rest/bb/97/f2/3e/bb97f23e-803a-4bd6-8406-06802623554c/saf-output_objects/40/orderProxies|https://api-pre.library.tamu.edu/fcrepo/rest/bb/97/f2/3e/bb97f23e-803a-4bd6-8406-06802623554c/saf-output_objects/40/pages,2025-07-14T13:38:52.899000+00:00,hernan-conteras_022,2025-07-14T13:38:52.899000+00:00,false,https://api-pre.library.tamu.edu/fcrepo/rest/bb/97/f2/3e/bb97f23e-803a-4bd6-8406-06802623554c/saf-output_objects/40/pages/page_0/files/hernan-conteras_022_access.mp3
fedoraAdmin,fedoraAdmin,https://api-pre.library.tamu.edu/fcrepo/rest/bb/97/f2/3e/bb97f23e-803a-4bd6-8406-06802623554c/saf-output_objects,SL4F00186,https://api-pre.library.tamu.edu/fcrepo/rest/bb/97/f2/3e/bb97f23e-803a-4bd6-8406-06802623554c/saf-output_objects/39/orderProxies|https://api-pre.library.tamu.edu/fcrepo/rest/bb/97/f2/3e/bb97f23e-803a-4bd6-8406-06802623554c/saf-output_objects/39/pages,2025-07-14T13:38:46.233000+00:00,hernan-conteras_021,2025-07-14T13:38:46.233000+00:00,false,https://api-pre.library.tamu.edu/fcrepo/rest/bb/97/f2/3e/bb97f23e-803a-4bd6-8406-06802623554c/saf-output_objects/39/pages/page_0/files/hernan-conteras_021_access.mp3
fedoraAdmin,fedoraAdmin,https://api-pre.library.tamu.edu/fcrepo/rest/bb/97/f2/3e/bb97f23e-803a-4bd6-8406-06802623554c/saf-output_objects,SL3F00142,https://api-pre.library.tamu.edu/fcrepo/rest/bb/97/f2/3e/bb97f23e-803a-4bd6-8406-06802623554c/saf-output_objects/30/orderProxies|https://api-pre.library.tamu.edu/fcrepo/rest/bb/97/f2/3e/bb97f23e-803a-4bd6-8406-06802623554c/saf-output_objects/30/pages,2025-07-14T13:38:20.667000+00:00,hernan-conteras_011,2025-07-14T13:38:20.667000+00:00,false,https://api-pre.library.tamu.edu/fcrepo/rest/bb/97/f2/3e/bb97f23e-803a-4bd6-8406-06802623554c/saf-output_objects/30/pages/page_0/files/hernan-conteras_011_access.mp3
fedoraAdmin,fedoraAdmin,https://api-pre.library.tamu.edu/fcrepo/rest/bb/97/f2/3e/bb97f23e-803a-4bd6-8406-06802623554c/saf-output_objects,U.S. Space Foundation,https://api-pre.library.tamu.edu/fcrepo/rest/bb/97/f2/3e/bb97f23e-803a-4bd6-8406-06802623554c/saf-output_objects/8/orderProxies|https://api-pre.library.tamu.edu/fcrepo/rest/bb/97/f2/3e/bb97f23e-803a-4bd6-8406-06802623554c/saf-output_objects/8/pages,2025-07-14T13:39:39.386000+00:00,gerald-griffin_014,2025-07-14T13:39:39.386000+00:00,false,https://api-pre.library.tamu.edu/fcrepo/rest/bb/97/f2/3e/bb97f23e-803a-4bd6-8406-06802623554c/saf-output_objects/8/pages/page_0/files/gerald-griffin_014_access.mp3
fedoraAdmin,fedoraAdmin,https://api-pre.library.tamu.edu/fcrepo/rest/bb/97/f2/3e/bb97f23e-803a-4bd6-8406-06802623554c/saf-output_objects,SL4F00166,https://api-pre.library.tamu.edu/fcrepo/rest/bb/97/f2/3e/bb97f23e-803a-4bd6-8406-06802623554c/saf-output_objects/31/pages|https://api-pre.library.tamu.edu/fcrepo/rest/bb/97/f2/3e/bb97f23e-803a-4bd6-8406-06802623554c/saf-output_objects/31/orderProxies,2025-07-14T13:38:22.532000+00:00,hernan-conteras_012,2025-07-14T13:38:22.532000+00:00,false,https://api-pre.library.tamu.edu/fcrepo/rest/bb/97/f2/3e/bb97f23e-803a-4bd6-8406-06802623554c/saf-output_objects/31/pages/page_0/files/hernan-conteras_012_access.mp3
fedoraAdmin,fedoraAdmin,https://api-pre.library.tamu.edu/fcrepo/rest/bb/97/f2/3e/bb97f23e-803a-4bd6-8406-06802623554c/saf-output_objects,SL4F00173,https://api-pre.library.tamu.edu/fcrepo/rest/bb/97/f2/3e/bb97f23e-803a-4bd6-8406-06802623554c/saf-output_objects/34/orderProxies|https://api-pre.library.tamu.edu/fcrepo/rest/bb/97/f2/3e/bb97f23e-803a-4bd6-8406-06802623554c/saf-output_objects/34/pages,2025-07-14T13:38:31.561000+00:00,hernan-conteras_015,2025-07-14T13:38:31.561000+00:00,false,https://api-pre.library.tamu.edu/fcrepo/rest/bb/97/f2/3e/bb97f23e-803a-4bd6-8406-06802623554c/saf-output_objects/34/pages/page_0/files/hernan-conteras_015_access.mp3
fedoraAdmin,fedoraAdmin,https://api-pre.library.tamu.edu/fcrepo/rest/bb/97/f2/3e/bb97f23e-803a-4bd6-8406-06802623554c/saf-output_objects,SYFY Channel Inside Space: Apollo 13: The Real Story,https://api-pre.library.tamu.edu/fcrepo/rest/bb/97/f2/3e/bb97f23e-803a-4bd6-8406-06802623554c/saf-output_objects/47/orderProxies|https://api-pre.library.tamu.edu/fcrepo/rest/bb/97/f2/3e/bb97f23e-803a-4bd6-8406-06802623554c/saf-output_objects/47/pages,2025-07-14T13:39:20.320000+00:00,gerald-griffin_011,2025-07-14T13:39:20.320000+00:00,false,https://api-pre.library.tamu.edu/fcrepo/rest/bb/97/f2/3e/bb97f23e-803a-4bd6-8406-06802623554c/saf-output_objects/47/pages/page_0/files/gerald-griffin_011_access.mp3
fedoraAdmin,fedoraAdmin,https://api-pre.library.tamu.edu/fcrepo/rest/bb/97/f2/3e/bb97f23e-803a-4bd6-8406-06802623554c/saf-output_objects,SL3F00126,https://api-pre.library.tamu.edu/fcrepo/rest/bb/97/f2/3e/bb97f23e-803a-4bd6-8406-06802623554c/saf-output_objects/29/pages|https://api-pre.library.tamu.edu/fcrepo/rest/bb/97/f2/3e/bb97f23e-803a-4bd6-8406-06802623554c/saf-output_objects/29/orderProxies,2025-07-14T13:38:16.666000+00:00,hernan-conteras_010,2025-07-14T13:38:16.666000+00:00,false,https://api-pre.library.tamu.edu/fcrepo/rest/bb/97/f2/3e/bb97f23e-803a-4bd6-8406-06802623554c/saf-output_objects/29/pages/page_0/files/hernan-conteras_010_access.mp3
fedoraAdmin,fedoraAdmin,https://api-pre.library.tamu.edu/fcrepo/rest/bb/97/f2/3e/bb97f23e-803a-4bd6-8406-06802623554c/saf-output_objects,SL4F00181,https://api-pre.library.tamu.edu/fcrepo/rest/bb/97/f2/3e/bb97f23e-803a-4bd6-8406-06802623554c/saf-output_objects/37/pages|https://api-pre.library.tamu.edu/fcrepo/rest/bb/97/f2/3e/bb97f23e-803a-4bd6-8406-06802623554c/saf-output_objects/37/orderProxies,2025-07-14T13:38:39.806000+00:00,hernan-conteras_018,2025-07-14T13:38:39.806000+00:00,false,https://api-pre.library.tamu.edu/fcrepo/rest/bb/97/f2/3e/bb97f23e-803a-4bd6-8406-06802623554c/saf-output_objects/37/pages/page_0/files/hernan-conteras_018_access.mp3
fedoraAdmin,fedoraAdmin,https://api-pre.library.tamu.edu/fcrepo/rest/bb/97/f2/3e/bb97f23e-803a-4bd6-8406-06802623554c/saf-output_objects,Apollo 15 LEM Lift Off,https://api-pre.library.tamu.edu/fcrepo/rest/bb/97/f2/3e/bb97f23e-803a-4bd6-8406-06802623554c/saf-output_objects/22/pages|https://api-pre.library.tamu.edu/fcrepo/rest/bb/97/f2/3e/bb97f23e-803a-4bd6-8406-06802623554c/saf-output_objects/22/orderProxies,2025-07-14T13:37:54.466000+00:00,hernan-conteras_003,2025-07-14T13:37:54.466000+00:00,false,https://api-pre.library.tamu.edu/fcrepo/rest/bb/97/f2/3e/bb97f23e-803a-4bd6-8406-06802623554c/saf-output_objects/22/pages/page_0/files/hernan-conteras_003_access.mp3
fedoraAdmin,fedoraAdmin,https://api-pre.library.tamu.edu/fcrepo/rest/bb/97/f2/3e/bb97f23e-803a-4bd6-8406-06802623554c/saf-output_objects,"""Ulysses"" Lunar Lander/Micro Rover Project",https://api-pre.library.tamu.edu/fcrepo/rest/bb/97/f2/3e/bb97f23e-803a-4bd6-8406-06802623554c/saf-output_objects/51/orderProxies|https://api-pre.library.tamu.edu/fcrepo/rest/bb/97/f2/3e/bb97f23e-803a-4bd6-8406-06802623554c/saf-output_objects/51/pages,2025-07-14T13:39:31.427000+00:00,gerald-griffin_017,2025-07-14T13:39:31.427000+00:00,false,https://api-pre.library.tamu.edu/fcrepo/rest/bb/97/f2/3e/bb97f23e-803a-4bd6-8406-06802623554c/saf-output_objects/51/pages/page_0/files/gerald-griffin_017_access.mp3
fedoraAdmin,fedoraAdmin,https://api-pre.library.tamu.edu/fcrepo/rest/bb/97/f2/3e/bb97f23e-803a-4bd6-8406-06802623554c/saf-output_objects,NASA Special Report #238: Gamma Ray Observatory: Window oo a Dynamic Universe,https://api-pre.library.tamu.edu/fcrepo/rest/bb/97/f2/3e/bb97f23e-803a-4bd6-8406-06802623554c/saf-output_objects/17/orderProxies|https://api-pre.library.tamu.edu/fcrepo/rest/bb/97/f2/3e/bb97f23e-803a-4bd6-8406-06802623554c/saf-output_objects/17/pages,2025-07-14T13:37:36.806000+00:00,gerald-griffin_022b,2025-07-14T13:37:36.806000+00:00,false,https://api-pre.library.tamu.edu/fcrepo/rest/bb/97/f2/3e/bb97f23e-803a-4bd6-8406-06802623554c/saf-output_objects/17/pages/page_0/files/gerald-griffin_022b_access.mp3
fedoraAdmin,fedoraAdmin,https://api-pre.library.tamu.edu/fcrepo/rest/bb/97/f2/3e/bb97f23e-803a-4bd6-8406-06802623554c/saf-output_objects,"SS 1704 ""Apollo II. . .15th Anniversary"" NASA Special Report #236: Apollo II. . .an anniversary program with sound effects",https://api-pre.library.tamu.edu/fcrepo/rest/bb/97/f2/3e/bb97f23e-803a-4bd6-8406-06802623554c/saf-output_objects/12/orderProxies|https://api-pre.library.tamu.edu/fcrepo/rest/bb/97/f2/3e/bb97f23e-803a-4bd6-8406-06802623554c/saf-output_objects/12/pages,2025-07-14T13:37:29.033000+00:00,gerald-griffin_020a,2025-07-14T13:37:29.033000+00:00,false,https://api-pre.library.tamu.edu/fcrepo/rest/bb/97/f2/3e/bb97f23e-803a-4bd6-8406-06802623554c/saf-output_objects/12/pages/page_0/files/gerald-griffin_020a_access.mp3
fedoraAdmin,fedoraAdmin,https://api-pre.library.tamu.edu/fcrepo/rest/bb/97/f2/3e/bb97f23e-803a-4bd6-8406-06802623554c/saf-output_objects,Apollo 16 - - 3,https://api-pre.library.tamu.edu/fcrepo/rest/bb/97/f2/3e/bb97f23e-803a-4bd6-8406-06802623554c/saf-output_objects/25/pages|https://api-pre.library.tamu.edu/fcrepo/rest/bb/97/f2/3e/bb97f23e-803a-4bd6-8406-06802623554c/saf-output_objects/25/orderProxies,2025-07-14T13:38:04.019000+00:00,hernan-conteras_006,2025-07-14T13:38:04.019000+00:00,false,https://api-pre.library.tamu.edu/fcrepo/rest/bb/97/f2/3e/bb97f23e-803a-4bd6-8406-06802623554c/saf-output_objects/25/pages/page_0/files/hernan-conteras_006_access.mp3
fedoraAdmin,fedoraAdmin,https://api-pre.library.tamu.edu/fcrepo/rest/bb/97/f2/3e/bb97f23e-803a-4bd6-8406-06802623554c/saf-output_objects,The Airplane and NASA: Epsiode 1 - The Golden Days of Flight,https://api-pre.library.tamu.edu/fcrepo/rest/bb/97/f2/3e/bb97f23e-803a-4bd6-8406-06802623554c/saf-output_objects/2/orderProxies|https://api-pre.library.tamu.edu/fcrepo/rest/bb/97/f2/3e/bb97f23e-803a-4bd6-8406-06802623554c/saf-output_objects/2/pages,2025-07-14T13:38:00.394000+00:00,gerald-griffin_001,2025-07-14T13:38:00.394000+00:00,false,https://api-pre.library.tamu.edu/fcrepo/rest/bb/97/f2/3e/bb97f23e-803a-4bd6-8406-06802623554c/saf-output_objects/2/pages/page_0/files/gerald-griffin_001_access.mp3
fedoraAdmin,fedoraAdmin,https://api-pre.library.tamu.edu/fcrepo/rest/bb/97/f2/3e/bb97f23e-803a-4bd6-8406-06802623554c/saf-output_objects,Press Conference with Bob Crippen and John Young after first STS-1 flight - Part 1,https://api-pre.library.tamu.edu/fcrepo/rest/bb/97/f2/3e/bb97f23e-803a-4bd6-8406-06802623554c/saf-output_objects/9/pages|https://api-pre.library.tamu.edu/fcrepo/rest/bb/97/f2/3e/bb97f23e-803a-4bd6-8406-06802623554c/saf-output_objects/9/orderProxies,2025-07-14T13:39:45.121000+00:00,gerald-griffin_018a,2025-07-14T13:39:45.121000+00:00,false,https://api-pre.library.tamu.edu/fcrepo/rest/bb/97/f2/3e/bb97f23e-803a-4bd6-8406-06802623554c/saf-output_objects/9/pages/page_0/files/gerald-griffin_018a_access.mp3
fedoraAdmin,fedoraAdmin,https://api-pre.library.tamu.edu/fcrepo/rest/bb/97/f2/3e/bb97f23e-803a-4bd6-8406-06802623554c/saf-output_objects,The Space Shuttle Saga: Columbia,https://api-pre.library.tamu.edu/fcrepo/rest/bb/97/f2/3e/bb97f23e-803a-4bd6-8406-06802623554c/saf-output_objects/6/orderProxies|https://api-pre.library.tamu.edu/fcrepo/rest/bb/97/f2/3e/bb97f23e-803a-4bd6-8406-06802623554c/saf-output_objects/6/pages,2025-07-14T13:39:33.343000+00:00,gerald-griffin_008,2025-07-14T13:39:33.343000+00:00,false,https://api-pre.library.tamu.edu/fcrepo/rest/bb/97/f2/3e/bb97f23e-803a-4bd6-8406-06802623554c/saf-output_objects/6/pages/page_0/files/gerald-griffin_008_access.mp3
fedoraAdmin,fedoraAdmin,https://api-pre.library.tamu.edu/fcrepo/rest/bb/97/f2/3e/bb97f23e-803a-4bd6-8406-06802623554c/saf-output_objects,[Food in weightless environment],https://api-pre.library.tamu.edu/fcrepo/rest/bb/97/f2/3e/bb97f23e-803a-4bd6-8406-06802623554c/saf-output_objects/41/pages|https://api-pre.library.tamu.edu/fcrepo/rest/bb/97/f2/3e/bb97f23e-803a-4bd6-8406-06802623554c/saf-output_objects/41/orderProxies,2025-07-14T13:38:54.663000+00:00,hernan-conteras_023,2025-07-14T13:38:54.663000+00:00,false,https://api-pre.library.tamu.edu/fcrepo/rest/bb/97/f2/3e/bb97f23e-803a-4bd6-8406-06802623554c/saf-output_objects/41/pages/page_0/files/hernan-conteras_023_access.mp3
fedoraAdmin,fedoraAdmin,https://api-pre.library.tamu.edu/fcrepo/rest/bb/97/f2/3e/bb97f23e-803a-4bd6-8406-06802623554c/saf-output_objects,SL4F00169,https://api-pre.library.tamu.edu/fcrepo/rest/bb/97/f2/3e/bb97f23e-803a-4bd6-8406-06802623554c/saf-output_objects/32/pages|https://api-pre.library.tamu.edu/fcrepo/rest/bb/97/f2/3e/bb97f23e-803a-4bd6-8406-06802623554c/saf-output_objects/32/orderProxies,2025-07-14T13:38:23.157000+00:00,hernan-conteras_013,2025-07-14T13:38:23.157000+00:00,false,https://api-pre.library.tamu.edu/fcrepo/rest/bb/97/f2/3e/bb97f23e-803a-4bd6-8406-06802623554c/saf-output_objects/32/pages/page_0/files/hernan-conteras_013_access.mp3
fedoraAdmin,fedoraAdmin,https://api-pre.library.tamu.edu/fcrepo/rest/bb/97/f2/3e/bb97f23e-803a-4bd6-8406-06802623554c/saf-output_objects,"Flight Festival 87, Gerry, et al",https://api-pre.library.tamu.edu/fcrepo/rest/bb/97/f2/3e/bb97f23e-803a-4bd6-8406-06802623554c/saf-output_objects/45/orderProxies|https://api-pre.library.tamu.edu/fcrepo/rest/bb/97/f2/3e/bb97f23e-803a-4bd6-8406-06802623554c/saf-output_objects/45/pages,2025-07-14T13:39:07.073000+00:00,gerald-griffin_009,2025-07-14T13:39:07.073000+00:00,false,https://api-pre.library.tamu.edu/fcrepo/rest/bb/97/f2/3e/bb97f23e-803a-4bd6-8406-06802623554c/saf-output_objects/45/pages/page_0/files/gerald-griffin_009_access.mp3
fedoraAdmin,fedoraAdmin,https://api-pre.library.tamu.edu/fcrepo/rest/bb/97/f2/3e/bb97f23e-803a-4bd6-8406-06802623554c/saf-output_objects,Turning Points in History/ The Eagle Has Landed,https://api-pre.library.tamu.edu/fcrepo/rest/bb/97/f2/3e/bb97f23e-803a-4bd6-8406-06802623554c/saf-output_objects/48/pages|https://api-pre.library.tamu.edu/fcrepo/rest/bb/97/f2/3e/bb97f23e-803a-4bd6-8406-06802623554c/saf-output_objects/48/orderProxies,2025-07-14T13:39:26.202000+00:00,gerald-griffin_012,2025-07-14T13:39:26.202000+00:00,false,https://api-pre.library.tamu.edu/fcrepo/rest/bb/97/f2/3e/bb97f23e-803a-4bd6-8406-06802623554c/saf-output_objects/48/pages/page_0/files/gerald-griffin_012_access.mp3
fedoraAdmin,fedoraAdmin,https://api-pre.library.tamu.edu/fcrepo/rest/bb/97/f2/3e/bb97f23e-803a-4bd6-8406-06802623554c/saf-output_objects,SL3F00095,https://api-pre.library.tamu.edu/fcrepo/rest/bb/97/f2/3e/bb97f23e-803a-4bd6-8406-06802623554c/saf-output_objects/27/pages|https://api-pre.library.tamu.edu/fcrepo/rest/bb/97/f2/3e/bb97f23e-803a-4bd6-8406-06802623554c/saf-output_objects/27/orderProxies,2025-07-14T13:38:06.338000+00:00,hernan-conteras_008,2025-07-14T13:38:06.338000+00:00,false,https://api-pre.library.tamu.edu/fcrepo/rest/bb/97/f2/3e/bb97f23e-803a-4bd6-8406-06802623554c/saf-output_objects/27/pages/page_0/files/hernan-conteras_008_access.mp3
