ldp_contains,fedora_hasParent,fedora_created,fedora_createdBy,dc_title,fedora_lastModifiedBy,fedora_lastModified,fedora_writable,files
https://api-pre.library.tamu.edu/fcrepo/rest/bb/97/f2/3e/bb97f23e-803a-4bd6-8406-06802623554c/sesquicentennial_objects/47/orderProxies|https://api-pre.library.tamu.edu/fcrepo/rest/bb/97/f2/3e/bb97f23e-803a-4bd6-8406-06802623554c/sesquicentennial_objects/47/pages,https://api-pre.library.tamu.edu/fcrepo/rest/bb/97/f2/3e/bb97f23e-803a-4bd6-8406-06802623554c/sesquicentennial_objects,2025-08-04T20:23:13.317000+00:00,fedoraAdmin,3544065924_ebd9e3f7ba_o.jpg,fedoraAdmin,2025-08-04T20:23:13.317000+00:00,false,https://api-pre.library.tamu.edu/fcrepo/rest/bb/97/f2/3e/bb97f23e-803a-4bd6-8406-06802623554c/sesquicentennial_objects/47/pages/page_0/files/3544065924_ebd9e3f7ba_o.jpg
https://api-pre.library.tamu.edu/fcrepo/rest/bb/97/f2/3e/bb97f23e-803a-4bd6-8406-06802623554c/sesquicentennial_objects/27/pages|https://api-pre.library.tamu.edu/fcrepo/rest/bb/97/f2/3e/bb97f23e-803a-4bd6-8406-06802623554c/sesquicentennial_objects/27/orderProxies,https://api-pre.library.tamu.edu/fcrepo/rest/bb/97/f2/3e/bb97f23e-803a-4bd6-8406-06802623554c/sesquicentennial_objects,2025-08-04T20:22:07.617000+00:00,fedoraAdmin,Austin Hall 17.tif,fedoraAdmin,2025-08-04T20:22:07.617000+00:00,false,https://api-pre.library.tamu.edu/fcrepo/rest/bb/97/f2/3e/bb97f23e-803a-4bd6-8406-06802623554c/sesquicentennial_objects/27/pages/page_0/files/Austin%20Hall%2017.tif
https://api-pre.library.tamu.edu/fcrepo/rest/bb/97/f2/3e/bb97f23e-803a-4bd6-8406-06802623554c/sesquicentennial_objects/39/orderProxies|https://api-pre.library.tamu.edu/fcrepo/rest/bb/97/f2/3e/bb97f23e-803a-4bd6-8406-06802623554c/sesquicentennial_objects/39/pages,https://api-pre.library.tamu.edu/fcrepo/rest/bb/97/f2/3e/bb97f23e-803a-4bd6-8406-06802623554c/sesquicentennial_objects,2025-08-04T20:22:47.637000+00:00,fedoraAdmin,4113353330_a69a391ea3_o.jpg,fedoraAdmin,2025-08-04T20:22:47.637000+00:00,false,https://api-pre.library.tamu.edu/fcrepo/rest/bb/97/f2/3e/bb97f23e-803a-4bd6-8406-06802623554c/sesquicentennial_objects/39/pages/page_0/files/4113353330_a69a391ea3_o.jpg
https://api-pre.library.tamu.edu/fcrepo/rest/bb/97/f2/3e/bb97f23e-803a-4bd6-8406-06802623554c/sesquicentennial_objects/11/orderProxies|https://api-pre.library.tamu.edu/fcrepo/rest/bb/97/f2/3e/bb97f23e-803a-4bd6-8406-06802623554c/sesquicentennial_objects/11/pages,https://api-pre.library.tamu.edu/fcrepo/rest/bb/97/f2/3e/bb97f23e-803a-4bd6-8406-06802623554c/sesquicentennial_objects,2025-08-04T20:21:24.840000+00:00,fedoraAdmin,Chapel 7.tif,fedoraAdmin,2025-08-04T20:21:24.840000+00:00,false,https://api-pre.library.tamu.edu/fcrepo/rest/bb/97/f2/3e/bb97f23e-803a-4bd6-8406-06802623554c/sesquicentennial_objects/11/pages/page_0/files/Chapel%207.tif
https://api-pre.library.tamu.edu/fcrepo/rest/bb/97/f2/3e/bb97f23e-803a-4bd6-8406-06802623554c/sesquicentennial_objects/13/orderProxies|https://api-pre.library.tamu.edu/fcrepo/rest/bb/97/f2/3e/bb97f23e-803a-4bd6-8406-06802623554c/sesquicentennial_objects/13/pages,https://api-pre.library.tamu.edu/fcrepo/rest/bb/97/f2/3e/bb97f23e-803a-4bd6-8406-06802623554c/sesquicentennial_objects,2025-08-04T20:21:28.184000+00:00,fedoraAdmin,Chapel 13.tif,fedoraAdmin,2025-08-04T20:21:28.184000+00:00,false,https://api-pre.library.tamu.edu/fcrepo/rest/bb/97/f2/3e/bb97f23e-803a-4bd6-8406-06802623554c/sesquicentennial_objects/13/pages/page_0/files/Chapel%2013.tif
https://api-pre.library.tamu.edu/fcrepo/rest/bb/97/f2/3e/bb97f23e-803a-4bd6-8406-06802623554c/sesquicentennial_objects/4/pages|https://api-pre.library.tamu.edu/fcrepo/rest/bb/97/f2/3e/bb97f23e-803a-4bd6-8406-06802623554c/sesquicentennial_objects/4/orderProxies,https://api-pre.library.tamu.edu/fcrepo/rest/bb/97/f2/3e/bb97f23e-803a-4bd6-8406-06802623554c/sesquicentennial_objects,2025-08-04T20:22:50.674000+00:00,fedoraAdmin,2841134900_ddb0d4bfab_o.jpg,fedoraAdmin,2025-08-04T20:22:50.674000+00:00,false,https://api-pre.library.tamu.edu/fcrepo/rest/bb/97/f2/3e/bb97f23e-803a-4bd6-8406-06802623554c/sesquicentennial_objects/4/pages/page_0/files/2841134900_ddb0d4bfab_o.jpg
https://api-pre.library.tamu.edu/fcrepo/rest/bb/97/f2/3e/bb97f23e-803a-4bd6-8406-06802623554c/sesquicentennial_objects/8/pages|https://api-pre.library.tamu.edu/fcrepo/rest/bb/97/f2/3e/bb97f23e-803a-4bd6-8406-06802623554c/sesquicentennial_objects/8/orderProxies,https://api-pre.library.tamu.edu/fcrepo/rest/bb/97/f2/3e/bb97f23e-803a-4bd6-8406-06802623554c/sesquicentennial_objects,2025-08-04T20:24:28.011000+00:00,fedoraAdmin,12 Animal Industries.tif,fedoraAdmin,2025-08-04T20:24:28.011000+00:00,false,https://api-pre.library.tamu.edu/fcrepo/rest/bb/97/f2/3e/bb97f23e-803a-4bd6-8406-06802623554c/sesquicentennial_objects/8/pages/page_0/files/12%20Animal%20Industries.tif
https://api-pre.library.tamu.edu/fcrepo/rest/bb/97/f2/3e/bb97f23e-803a-4bd6-8406-06802623554c/sesquicentennial_objects/40/orderProxies|https://api-pre.library.tamu.edu/fcrepo/rest/bb/97/f2/3e/bb97f23e-803a-4bd6-8406-06802623554c/sesquicentennial_objects/40/pages,https://api-pre.library.tamu.edu/fcrepo/rest/bb/97/f2/3e/bb97f23e-803a-4bd6-8406-06802623554c/sesquicentennial_objects,2025-08-04T20:22:54.062000+00:00,fedoraAdmin,3542797466_5127e68a9f_o.jpg,fedoraAdmin,2025-08-04T20:22:54.062000+00:00,false,https://api-pre.library.tamu.edu/fcrepo/rest/bb/97/f2/3e/bb97f23e-803a-4bd6-8406-06802623554c/sesquicentennial_objects/40/pages/page_0/files/3542797466_5127e68a9f_o.jpg
https://api-pre.library.tamu.edu/fcrepo/rest/bb/97/f2/3e/bb97f23e-803a-4bd6-8406-06802623554c/sesquicentennial_objects/32/orderProxies|https://api-pre.library.tamu.edu/fcrepo/rest/bb/97/f2/3e/bb97f23e-803a-4bd6-8406-06802623554c/sesquicentennial_objects/32/pages,https://api-pre.library.tamu.edu/fcrepo/rest/bb/97/f2/3e/bb97f23e-803a-4bd6-8406-06802623554c/sesquicentennial_objects,2025-08-04T20:22:25.488000+00:00,fedoraAdmin,4755106245_607573aeaa_o.jpg,fedoraAdmin,2025-08-04T20:22:25.488000+00:00,false,https://api-pre.library.tamu.edu/fcrepo/rest/bb/97/f2/3e/bb97f23e-803a-4bd6-8406-06802623554c/sesquicentennial_objects/32/pages/page_0/files/4755106245_607573aeaa_o.jpg
https://api-pre.library.tamu.edu/fcrepo/rest/bb/97/f2/3e/bb97f23e-803a-4bd6-8406-06802623554c/sesquicentennial_objects/21/pages|https://api-pre.library.tamu.edu/fcrepo/rest/bb/97/f2/3e/bb97f23e-803a-4bd6-8406-06802623554c/sesquicentennial_objects/21/orderProxies,https://api-pre.library.tamu.edu/fcrepo/rest/bb/97/f2/3e/bb97f23e-803a-4bd6-8406-06802623554c/sesquicentennial_objects,2025-08-04T20:21:53.687000+00:00,fedoraAdmin,Austin Hall 3.tif,fedoraAdmin,2025-08-04T20:21:53.687000+00:00,false,https://api-pre.library.tamu.edu/fcrepo/rest/bb/97/f2/3e/bb97f23e-803a-4bd6-8406-06802623554c/sesquicentennial_objects/21/pages/page_0/files/Austin%20Hall%203.tif
https://api-pre.library.tamu.edu/fcrepo/rest/bb/97/f2/3e/bb97f23e-803a-4bd6-8406-06802623554c/sesquicentennial_objects/36/orderProxies|https://api-pre.library.tamu.edu/fcrepo/rest/bb/97/f2/3e/bb97f23e-803a-4bd6-8406-06802623554c/sesquicentennial_objects/36/pages,https://api-pre.library.tamu.edu/fcrepo/rest/bb/97/f2/3e/bb97f23e-803a-4bd6-8406-06802623554c/sesquicentennial_objects,2025-08-04T20:22:38.972000+00:00,fedoraAdmin,4789831797_b424833c7d_o.jpg,fedoraAdmin,2025-08-04T20:22:38.972000+00:00,false,https://api-pre.library.tamu.edu/fcrepo/rest/bb/97/f2/3e/bb97f23e-803a-4bd6-8406-06802623554c/sesquicentennial_objects/36/pages/page_0/files/4789831797_b424833c7d_o.jpg
https://api-pre.library.tamu.edu/fcrepo/rest/bb/97/f2/3e/bb97f23e-803a-4bd6-8406-06802623554c/sesquicentennial_objects/16/pages|https://api-pre.library.tamu.edu/fcrepo/rest/bb/97/f2/3e/bb97f23e-803a-4bd6-8406-06802623554c/sesquicentennial_objects/16/orderProxies,https://api-pre.library.tamu.edu/fcrepo/rest/bb/97/f2/3e/bb97f23e-803a-4bd6-8406-06802623554c/sesquicentennial_objects,2025-08-04T20:21:34.131000+00:00,fedoraAdmin,Chapel 24.tif,fedoraAdmin,2025-08-04T20:21:34.131000+00:00,false,https://api-pre.library.tamu.edu/fcrepo/rest/bb/97/f2/3e/bb97f23e-803a-4bd6-8406-06802623554c/sesquicentennial_objects/16/pages/page_0/files/Chapel%2024.tif
https://api-pre.library.tamu.edu/fcrepo/rest/bb/97/f2/3e/bb97f23e-803a-4bd6-8406-06802623554c/sesquicentennial_objects/61/orderProxies|https://api-pre.library.tamu.edu/fcrepo/rest/bb/97/f2/3e/bb97f23e-803a-4bd6-8406-06802623554c/sesquicentennial_objects/61/pages,https://api-pre.library.tamu.edu/fcrepo/rest/bb/97/f2/3e/bb97f23e-803a-4bd6-8406-06802623554c/sesquicentennial_objects,2025-08-04T20:23:58.634000+00:00,fedoraAdmin,2898335229_22567b8e46_o.jpg,fedoraAdmin,2025-08-04T20:23:58.634000+00:00,false,https://api-pre.library.tamu.edu/fcrepo/rest/bb/97/f2/3e/bb97f23e-803a-4bd6-8406-06802623554c/sesquicentennial_objects/61/pages/page_0/files/2898335229_22567b8e46_o.jpg
https://api-pre.library.tamu.edu/fcrepo/rest/bb/97/f2/3e/bb97f23e-803a-4bd6-8406-06802623554c/sesquicentennial_objects/2/pages|https://api-pre.library.tamu.edu/fcrepo/rest/bb/97/f2/3e/bb97f23e-803a-4bd6-8406-06802623554c/sesquicentennial_objects/2/orderProxies,https://api-pre.library.tamu.edu/fcrepo/rest/bb/97/f2/3e/bb97f23e-803a-4bd6-8406-06802623554c/sesquicentennial_objects,2025-08-04T20:21:48.741000+00:00,fedoraAdmin,Bell Tower 30.tif,fedoraAdmin,2025-08-04T20:21:48.741000+00:00,false,https://api-pre.library.tamu.edu/fcrepo/rest/bb/97/f2/3e/bb97f23e-803a-4bd6-8406-06802623554c/sesquicentennial_objects/2/pages/page_0/files/Bell%20Tower%2030.tif
https://api-pre.library.tamu.edu/fcrepo/rest/bb/97/f2/3e/bb97f23e-803a-4bd6-8406-06802623554c/sesquicentennial_objects/28/pages|https://api-pre.library.tamu.edu/fcrepo/rest/bb/97/f2/3e/bb97f23e-803a-4bd6-8406-06802623554c/sesquicentennial_objects/28/orderProxies,https://api-pre.library.tamu.edu/fcrepo/rest/bb/97/f2/3e/bb97f23e-803a-4bd6-8406-06802623554c/sesquicentennial_objects,2025-08-04T20:22:18.567000+00:00,fedoraAdmin,Austin Hall 19.tif,fedoraAdmin,2025-08-04T20:22:18.567000+00:00,false,https://api-pre.library.tamu.edu/fcrepo/rest/bb/97/f2/3e/bb97f23e-803a-4bd6-8406-06802623554c/sesquicentennial_objects/28/pages/page_0/files/Austin%20Hall%2019.tif
https://api-pre.library.tamu.edu/fcrepo/rest/bb/97/f2/3e/bb97f23e-803a-4bd6-8406-06802623554c/sesquicentennial_objects/68/pages|https://api-pre.library.tamu.edu/fcrepo/rest/bb/97/f2/3e/bb97f23e-803a-4bd6-8406-06802623554c/sesquicentennial_objects/68/orderProxies,https://api-pre.library.tamu.edu/fcrepo/rest/bb/97/f2/3e/bb97f23e-803a-4bd6-8406-06802623554c/sesquicentennial_objects,2025-08-04T20:24:18.619000+00:00,fedoraAdmin,CV G 275.tif,fedoraAdmin,2025-08-04T20:24:18.619000+00:00,false,https://api-pre.library.tamu.edu/fcrepo/rest/bb/97/f2/3e/bb97f23e-803a-4bd6-8406-06802623554c/sesquicentennial_objects/68/pages/page_0/files/CV%20G%20275.tif
https://api-pre.library.tamu.edu/fcrepo/rest/bb/97/f2/3e/bb97f23e-803a-4bd6-8406-06802623554c/sesquicentennial_objects/6/orderProxies|https://api-pre.library.tamu.edu/fcrepo/rest/bb/97/f2/3e/bb97f23e-803a-4bd6-8406-06802623554c/sesquicentennial_objects/6/pages,https://api-pre.library.tamu.edu/fcrepo/rest/bb/97/f2/3e/bb97f23e-803a-4bd6-8406-06802623554c/sesquicentennial_objects,2025-08-04T20:23:53.698000+00:00,fedoraAdmin,1 Animal Industries.tif,fedoraAdmin,2025-08-04T20:23:53.698000+00:00,false,https://api-pre.library.tamu.edu/fcrepo/rest/bb/97/f2/3e/bb97f23e-803a-4bd6-8406-06802623554c/sesquicentennial_objects/6/pages/page_0/files/1%20Animal%20Industries.tif
https://api-pre.library.tamu.edu/fcrepo/rest/bb/97/f2/3e/bb97f23e-803a-4bd6-8406-06802623554c/sesquicentennial_objects/70/pages|https://api-pre.library.tamu.edu/fcrepo/rest/bb/97/f2/3e/bb97f23e-803a-4bd6-8406-06802623554c/sesquicentennial_objects/70/orderProxies,https://api-pre.library.tamu.edu/fcrepo/rest/bb/97/f2/3e/bb97f23e-803a-4bd6-8406-06802623554c/sesquicentennial_objects,2025-08-04T20:24:25.565000+00:00,fedoraAdmin,CV ND 53.tif,fedoraAdmin,2025-08-04T20:24:25.565000+00:00,false,https://api-pre.library.tamu.edu/fcrepo/rest/bb/97/f2/3e/bb97f23e-803a-4bd6-8406-06802623554c/sesquicentennial_objects/70/pages/page_0/files/CV%20ND%2053.tif
https://api-pre.library.tamu.edu/fcrepo/rest/bb/97/f2/3e/bb97f23e-803a-4bd6-8406-06802623554c/sesquicentennial_objects/50/pages|https://api-pre.library.tamu.edu/fcrepo/rest/bb/97/f2/3e/bb97f23e-803a-4bd6-8406-06802623554c/sesquicentennial_objects/50/orderProxies,https://api-pre.library.tamu.edu/fcrepo/rest/bb/97/f2/3e/bb97f23e-803a-4bd6-8406-06802623554c/sesquicentennial_objects,2025-08-04T20:23:23.397000+00:00,fedoraAdmin,Academic Building 37.tif,fedoraAdmin,2025-08-04T20:23:23.397000+00:00,false,https://api-pre.library.tamu.edu/fcrepo/rest/bb/97/f2/3e/bb97f23e-803a-4bd6-8406-06802623554c/sesquicentennial_objects/50/pages/page_0/files/Academic%20Building%2037.tif
https://api-pre.library.tamu.edu/fcrepo/rest/bb/97/f2/3e/bb97f23e-803a-4bd6-8406-06802623554c/sesquicentennial_objects/55/orderProxies|https://api-pre.library.tamu.edu/fcrepo/rest/bb/97/f2/3e/bb97f23e-803a-4bd6-8406-06802623554c/sesquicentennial_objects/55/pages,https://api-pre.library.tamu.edu/fcrepo/rest/bb/97/f2/3e/bb97f23e-803a-4bd6-8406-06802623554c/sesquicentennial_objects,2025-08-04T20:23:41.494000+00:00,fedoraAdmin,Kyle Field 24.tif,fedoraAdmin,2025-08-04T20:23:41.494000+00:00,false,https://api-pre.library.tamu.edu/fcrepo/rest/bb/97/f2/3e/bb97f23e-803a-4bd6-8406-06802623554c/sesquicentennial_objects/55/pages/page_0/files/Kyle%20Field%2024.tif
https://api-pre.library.tamu.edu/fcrepo/rest/bb/97/f2/3e/bb97f23e-803a-4bd6-8406-06802623554c/sesquicentennial_objects/30/pages|https://api-pre.library.tamu.edu/fcrepo/rest/bb/97/f2/3e/bb97f23e-803a-4bd6-8406-06802623554c/sesquicentennial_objects/30/orderProxies,https://api-pre.library.tamu.edu/fcrepo/rest/bb/97/f2/3e/bb97f23e-803a-4bd6-8406-06802623554c/sesquicentennial_objects,2025-08-04T20:22:25.987000+00:00,fedoraAdmin,Austin Hall 21.tif,fedoraAdmin,2025-08-04T20:22:25.987000+00:00,false,https://api-pre.library.tamu.edu/fcrepo/rest/bb/97/f2/3e/bb97f23e-803a-4bd6-8406-06802623554c/sesquicentennial_objects/30/pages/page_0/files/Austin%20Hall%2021.tif
https://api-pre.library.tamu.edu/fcrepo/rest/bb/97/f2/3e/bb97f23e-803a-4bd6-8406-06802623554c/sesquicentennial_objects/57/pages|https://api-pre.library.tamu.edu/fcrepo/rest/bb/97/f2/3e/bb97f23e-803a-4bd6-8406-06802623554c/sesquicentennial_objects/57/orderProxies,https://api-pre.library.tamu.edu/fcrepo/rest/bb/97/f2/3e/bb97f23e-803a-4bd6-8406-06802623554c/sesquicentennial_objects,2025-08-04T20:23:46.438000+00:00,fedoraAdmin,Kyle Field 119.tif,fedoraAdmin,2025-08-04T20:23:46.438000+00:00,false,https://api-pre.library.tamu.edu/fcrepo/rest/bb/97/f2/3e/bb97f23e-803a-4bd6-8406-06802623554c/sesquicentennial_objects/57/pages/page_0/files/Kyle%20Field%20119.tif
https://api-pre.library.tamu.edu/fcrepo/rest/bb/97/f2/3e/bb97f23e-803a-4bd6-8406-06802623554c/sesquicentennial_objects/42/pages|https://api-pre.library.tamu.edu/fcrepo/rest/bb/97/f2/3e/bb97f23e-803a-4bd6-8406-06802623554c/sesquicentennial_objects/42/orderProxies,https://api-pre.library.tamu.edu/fcrepo/rest/bb/97/f2/3e/bb97f23e-803a-4bd6-8406-06802623554c/sesquicentennial_objects,2025-08-04T20:22:59.201000+00:00,fedoraAdmin,3542861686_a34c509374_o.jpg,fedoraAdmin,2025-08-04T20:22:59.201000+00:00,false,https://api-pre.library.tamu.edu/fcrepo/rest/bb/97/f2/3e/bb97f23e-803a-4bd6-8406-06802623554c/sesquicentennial_objects/42/pages/page_0/files/3542861686_a34c509374_o.jpg
https://api-pre.library.tamu.edu/fcrepo/rest/bb/97/f2/3e/bb97f23e-803a-4bd6-8406-06802623554c/sesquicentennial_objects/34/orderProxies|https://api-pre.library.tamu.edu/fcrepo/rest/bb/97/f2/3e/bb97f23e-803a-4bd6-8406-06802623554c/sesquicentennial_objects/34/pages,https://api-pre.library.tamu.edu/fcrepo/rest/bb/97/f2/3e/bb97f23e-803a-4bd6-8406-06802623554c/sesquicentennial_objects,2025-08-04T20:22:33.806000+00:00,fedoraAdmin,4770913705_d429bcf73b_o.jpg,fedoraAdmin,2025-08-04T20:22:33.806000+00:00,false,https://api-pre.library.tamu.edu/fcrepo/rest/bb/97/f2/3e/bb97f23e-803a-4bd6-8406-06802623554c/sesquicentennial_objects/34/pages/page_0/files/4770913705_d429bcf73b_o.jpg
https://api-pre.library.tamu.edu/fcrepo/rest/bb/97/f2/3e/bb97f23e-803a-4bd6-8406-06802623554c/sesquicentennial_objects/49/pages|https://api-pre.library.tamu.edu/fcrepo/rest/bb/97/f2/3e/bb97f23e-803a-4bd6-8406-06802623554c/sesquicentennial_objects/49/orderProxies,https://api-pre.library.tamu.edu/fcrepo/rest/bb/97/f2/3e/bb97f23e-803a-4bd6-8406-06802623554c/sesquicentennial_objects,2025-08-04T20:23:22.644000+00:00,fedoraAdmin,Heldenfels 3.tif,fedoraAdmin,2025-08-04T20:23:22.644000+00:00,false,https://api-pre.library.tamu.edu/fcrepo/rest/bb/97/f2/3e/bb97f23e-803a-4bd6-8406-06802623554c/sesquicentennial_objects/49/pages/page_0/files/Heldenfels%203.tif
https://api-pre.library.tamu.edu/fcrepo/rest/bb/97/f2/3e/bb97f23e-803a-4bd6-8406-06802623554c/sesquicentennial_objects/46/pages|https://api-pre.library.tamu.edu/fcrepo/rest/bb/97/f2/3e/bb97f23e-803a-4bd6-8406-06802623554c/sesquicentennial_objects/46/orderProxies,https://api-pre.library.tamu.edu/fcrepo/rest/bb/97/f2/3e/bb97f23e-803a-4bd6-8406-06802623554c/sesquicentennial_objects,2025-08-04T20:23:10.127000+00:00,fedoraAdmin,3543256589_fa5664c449_o.jpg,fedoraAdmin,2025-08-04T20:23:10.127000+00:00,false,https://api-pre.library.tamu.edu/fcrepo/rest/bb/97/f2/3e/bb97f23e-803a-4bd6-8406-06802623554c/sesquicentennial_objects/46/pages/page_0/files/3543256589_fa5664c449_o.jpg
https://api-pre.library.tamu.edu/fcrepo/rest/bb/97/f2/3e/bb97f23e-803a-4bd6-8406-06802623554c/sesquicentennial_objects/26/orderProxies|https://api-pre.library.tamu.edu/fcrepo/rest/bb/97/f2/3e/bb97f23e-803a-4bd6-8406-06802623554c/sesquicentennial_objects/26/pages,https://api-pre.library.tamu.edu/fcrepo/rest/bb/97/f2/3e/bb97f23e-803a-4bd6-8406-06802623554c/sesquicentennial_objects,2025-08-04T20:22:06.642000+00:00,fedoraAdmin,Austin Hall 15.tif,fedoraAdmin,2025-08-04T20:22:06.642000+00:00,false,https://api-pre.library.tamu.edu/fcrepo/rest/bb/97/f2/3e/bb97f23e-803a-4bd6-8406-06802623554c/sesquicentennial_objects/26/pages/page_0/files/Austin%20Hall%2015.tif
https://api-pre.library.tamu.edu/fcrepo/rest/bb/97/f2/3e/bb97f23e-803a-4bd6-8406-06802623554c/sesquicentennial_objects/66/pages|https://api-pre.library.tamu.edu/fcrepo/rest/bb/97/f2/3e/bb97f23e-803a-4bd6-8406-06802623554c/sesquicentennial_objects/66/orderProxies,https://api-pre.library.tamu.edu/fcrepo/rest/bb/97/f2/3e/bb97f23e-803a-4bd6-8406-06802623554c/sesquicentennial_objects,2025-08-04T20:24:11.870000+00:00,fedoraAdmin,3920163329_ca5fd05fdd_o.jpg,fedoraAdmin,2025-08-04T20:24:11.870000+00:00,false,https://api-pre.library.tamu.edu/fcrepo/rest/bb/97/f2/3e/bb97f23e-803a-4bd6-8406-06802623554c/sesquicentennial_objects/66/pages/page_0/files/3920163329_ca5fd05fdd_o.jpg
https://api-pre.library.tamu.edu/fcrepo/rest/bb/97/f2/3e/bb97f23e-803a-4bd6-8406-06802623554c/sesquicentennial_objects/31/orderProxies|https://api-pre.library.tamu.edu/fcrepo/rest/bb/97/f2/3e/bb97f23e-803a-4bd6-8406-06802623554c/sesquicentennial_objects/31/pages,https://api-pre.library.tamu.edu/fcrepo/rest/bb/97/f2/3e/bb97f23e-803a-4bd6-8406-06802623554c/sesquicentennial_objects,2025-08-04T20:22:33.416000+00:00,fedoraAdmin,CV 1931-1940 23.tif,fedoraAdmin,2025-08-04T20:22:33.416000+00:00,false,https://api-pre.library.tamu.edu/fcrepo/rest/bb/97/f2/3e/bb97f23e-803a-4bd6-8406-06802623554c/sesquicentennial_objects/31/pages/page_0/files/CV%201931-1940%2023.tif
https://api-pre.library.tamu.edu/fcrepo/rest/bb/97/f2/3e/bb97f23e-803a-4bd6-8406-06802623554c/sesquicentennial_objects/23/orderProxies|https://api-pre.library.tamu.edu/fcrepo/rest/bb/97/f2/3e/bb97f23e-803a-4bd6-8406-06802623554c/sesquicentennial_objects/23/pages,https://api-pre.library.tamu.edu/fcrepo/rest/bb/97/f2/3e/bb97f23e-803a-4bd6-8406-06802623554c/sesquicentennial_objects,2025-08-04T20:22:01.722000+00:00,fedoraAdmin,Austin Hall 6.tif,fedoraAdmin,2025-08-04T20:22:01.722000+00:00,false,https://api-pre.library.tamu.edu/fcrepo/rest/bb/97/f2/3e/bb97f23e-803a-4bd6-8406-06802623554c/sesquicentennial_objects/23/pages/page_0/files/Austin%20Hall%206.tif
https://api-pre.library.tamu.edu/fcrepo/rest/bb/97/f2/3e/bb97f23e-803a-4bd6-8406-06802623554c/sesquicentennial_objects/63/orderProxies|https://api-pre.library.tamu.edu/fcrepo/rest/bb/97/f2/3e/bb97f23e-803a-4bd6-8406-06802623554c/sesquicentennial_objects/63/pages,https://api-pre.library.tamu.edu/fcrepo/rest/bb/97/f2/3e/bb97f23e-803a-4bd6-8406-06802623554c/sesquicentennial_objects,2025-08-04T20:24:04.522000+00:00,fedoraAdmin,4575915836_7f85c31c3f_o.jpg,fedoraAdmin,2025-08-04T20:24:04.522000+00:00,false,https://api-pre.library.tamu.edu/fcrepo/rest/bb/97/f2/3e/bb97f23e-803a-4bd6-8406-06802623554c/sesquicentennial_objects/63/pages/page_0/files/4575915836_7f85c31c3f_o.jpg
https://api-pre.library.tamu.edu/fcrepo/rest/bb/97/f2/3e/bb97f23e-803a-4bd6-8406-06802623554c/sesquicentennial_objects/10/orderProxies|https://api-pre.library.tamu.edu/fcrepo/rest/bb/97/f2/3e/bb97f23e-803a-4bd6-8406-06802623554c/sesquicentennial_objects/10/pages,https://api-pre.library.tamu.edu/fcrepo/rest/bb/97/f2/3e/bb97f23e-803a-4bd6-8406-06802623554c/sesquicentennial_objects,2025-08-04T20:21:03.905000+00:00,fedoraAdmin,Chapel 6.tif,fedoraAdmin,2025-08-04T20:21:03.905000+00:00,false,https://api-pre.library.tamu.edu/fcrepo/rest/bb/97/f2/3e/bb97f23e-803a-4bd6-8406-06802623554c/sesquicentennial_objects/10/pages/page_0/files/Chapel%206.tif
https://api-pre.library.tamu.edu/fcrepo/rest/bb/97/f2/3e/bb97f23e-803a-4bd6-8406-06802623554c/sesquicentennial_objects/25/pages|https://api-pre.library.tamu.edu/fcrepo/rest/bb/97/f2/3e/bb97f23e-803a-4bd6-8406-06802623554c/sesquicentennial_objects/25/orderProxies,https://api-pre.library.tamu.edu/fcrepo/rest/bb/97/f2/3e/bb97f23e-803a-4bd6-8406-06802623554c/sesquicentennial_objects,2025-08-04T20:22:03.841000+00:00,fedoraAdmin,Austin Hall 11.tif,fedoraAdmin,2025-08-04T20:22:03.841000+00:00,false,https://api-pre.library.tamu.edu/fcrepo/rest/bb/97/f2/3e/bb97f23e-803a-4bd6-8406-06802623554c/sesquicentennial_objects/25/pages/page_0/files/Austin%20Hall%2011.tif
https://api-pre.library.tamu.edu/fcrepo/rest/bb/97/f2/3e/bb97f23e-803a-4bd6-8406-06802623554c/sesquicentennial_objects/17/orderProxies|https://api-pre.library.tamu.edu/fcrepo/rest/bb/97/f2/3e/bb97f23e-803a-4bd6-8406-06802623554c/sesquicentennial_objects/17/pages,https://api-pre.library.tamu.edu/fcrepo/rest/bb/97/f2/3e/bb97f23e-803a-4bd6-8406-06802623554c/sesquicentennial_objects,2025-08-04T20:21:34.368000+00:00,fedoraAdmin,Chapel 25.tif,fedoraAdmin,2025-08-04T20:21:34.368000+00:00,false,https://api-pre.library.tamu.edu/fcrepo/rest/bb/97/f2/3e/bb97f23e-803a-4bd6-8406-06802623554c/sesquicentennial_objects/17/pages/page_0/files/Chapel%2025.tif
https://api-pre.library.tamu.edu/fcrepo/rest/bb/97/f2/3e/bb97f23e-803a-4bd6-8406-06802623554c/sesquicentennial_objects/52/pages|https://api-pre.library.tamu.edu/fcrepo/rest/bb/97/f2/3e/bb97f23e-803a-4bd6-8406-06802623554c/sesquicentennial_objects/52/orderProxies,https://api-pre.library.tamu.edu/fcrepo/rest/bb/97/f2/3e/bb97f23e-803a-4bd6-8406-06802623554c/sesquicentennial_objects,2025-08-04T20:23:30.154000+00:00,fedoraAdmin,CV 1931-1940 6.tif,fedoraAdmin,2025-08-04T20:23:30.154000+00:00,false,https://api-pre.library.tamu.edu/fcrepo/rest/bb/97/f2/3e/bb97f23e-803a-4bd6-8406-06802623554c/sesquicentennial_objects/52/pages/page_0/files/CV%201931-1940%206.tif
https://api-pre.library.tamu.edu/fcrepo/rest/bb/97/f2/3e/bb97f23e-803a-4bd6-8406-06802623554c/sesquicentennial_objects/44/orderProxies|https://api-pre.library.tamu.edu/fcrepo/rest/bb/97/f2/3e/bb97f23e-803a-4bd6-8406-06802623554c/sesquicentennial_objects/44/pages,https://api-pre.library.tamu.edu/fcrepo/rest/bb/97/f2/3e/bb97f23e-803a-4bd6-8406-06802623554c/sesquicentennial_objects,2025-08-04T20:23:03.973000+00:00,fedoraAdmin,4052743215_19a06e62a7_o.jpg,fedoraAdmin,2025-08-04T20:23:03.973000+00:00,false,https://api-pre.library.tamu.edu/fcrepo/rest/bb/97/f2/3e/bb97f23e-803a-4bd6-8406-06802623554c/sesquicentennial_objects/44/pages/page_0/files/4052743215_19a06e62a7_o.jpg
https://api-pre.library.tamu.edu/fcrepo/rest/bb/97/f2/3e/bb97f23e-803a-4bd6-8406-06802623554c/sesquicentennial_objects/33/orderProxies|https://api-pre.library.tamu.edu/fcrepo/rest/bb/97/f2/3e/bb97f23e-803a-4bd6-8406-06802623554c/sesquicentennial_objects/33/pages,https://api-pre.library.tamu.edu/fcrepo/rest/bb/97/f2/3e/bb97f23e-803a-4bd6-8406-06802623554c/sesquicentennial_objects,2025-08-04T20:22:29.071000+00:00,fedoraAdmin,4770913309_74bd91f0d3_o.jpg,fedoraAdmin,2025-08-04T20:22:29.071000+00:00,false,https://api-pre.library.tamu.edu/fcrepo/rest/bb/97/f2/3e/bb97f23e-803a-4bd6-8406-06802623554c/sesquicentennial_objects/33/pages/page_0/files/4770913309_74bd91f0d3_o.jpg
https://api-pre.library.tamu.edu/fcrepo/rest/bb/97/f2/3e/bb97f23e-803a-4bd6-8406-06802623554c/sesquicentennial_objects/48/pages|https://api-pre.library.tamu.edu/fcrepo/rest/bb/97/f2/3e/bb97f23e-803a-4bd6-8406-06802623554c/sesquicentennial_objects/48/orderProxies,https://api-pre.library.tamu.edu/fcrepo/rest/bb/97/f2/3e/bb97f23e-803a-4bd6-8406-06802623554c/sesquicentennial_objects,2025-08-04T20:23:14.041000+00:00,fedoraAdmin,4794313964_83ab8843de_o.jpg,fedoraAdmin,2025-08-04T20:23:14.041000+00:00,false,https://api-pre.library.tamu.edu/fcrepo/rest/bb/97/f2/3e/bb97f23e-803a-4bd6-8406-06802623554c/sesquicentennial_objects/48/pages/page_0/files/4794313964_83ab8843de_o.jpg
https://api-pre.library.tamu.edu/fcrepo/rest/bb/97/f2/3e/bb97f23e-803a-4bd6-8406-06802623554c/sesquicentennial_objects/35/orderProxies|https://api-pre.library.tamu.edu/fcrepo/rest/bb/97/f2/3e/bb97f23e-803a-4bd6-8406-06802623554c/sesquicentennial_objects/35/pages,https://api-pre.library.tamu.edu/fcrepo/rest/bb/97/f2/3e/bb97f23e-803a-4bd6-8406-06802623554c/sesquicentennial_objects,2025-08-04T20:22:37.214000+00:00,fedoraAdmin,4770914503_e0218d174c_o.jpg,fedoraAdmin,2025-08-04T20:22:37.214000+00:00,false,https://api-pre.library.tamu.edu/fcrepo/rest/bb/97/f2/3e/bb97f23e-803a-4bd6-8406-06802623554c/sesquicentennial_objects/35/pages/page_0/files/4770914503_e0218d174c_o.jpg
https://api-pre.library.tamu.edu/fcrepo/rest/bb/97/f2/3e/bb97f23e-803a-4bd6-8406-06802623554c/sesquicentennial_objects/15/orderProxies|https://api-pre.library.tamu.edu/fcrepo/rest/bb/97/f2/3e/bb97f23e-803a-4bd6-8406-06802623554c/sesquicentennial_objects/15/pages,https://api-pre.library.tamu.edu/fcrepo/rest/bb/97/f2/3e/bb97f23e-803a-4bd6-8406-06802623554c/sesquicentennial_objects,2025-08-04T20:21:26.251000+00:00,fedoraAdmin,Chapel 23.tif,fedoraAdmin,2025-08-04T20:21:26.251000+00:00,false,https://api-pre.library.tamu.edu/fcrepo/rest/bb/97/f2/3e/bb97f23e-803a-4bd6-8406-06802623554c/sesquicentennial_objects/15/pages/page_0/files/Chapel%2023.tif
https://api-pre.library.tamu.edu/fcrepo/rest/bb/97/f2/3e/bb97f23e-803a-4bd6-8406-06802623554c/sesquicentennial_objects/65/pages|https://api-pre.library.tamu.edu/fcrepo/rest/bb/97/f2/3e/bb97f23e-803a-4bd6-8406-06802623554c/sesquicentennial_objects/65/orderProxies,https://api-pre.library.tamu.edu/fcrepo/rest/bb/97/f2/3e/bb97f23e-803a-4bd6-8406-06802623554c/sesquicentennial_objects,2025-08-04T20:24:10.139000+00:00,fedoraAdmin,3920163057_05e91ebfb7_o.jpg,fedoraAdmin,2025-08-04T20:24:10.139000+00:00,false,https://api-pre.library.tamu.edu/fcrepo/rest/bb/97/f2/3e/bb97f23e-803a-4bd6-8406-06802623554c/sesquicentennial_objects/65/pages/page_0/files/3920163057_05e91ebfb7_o.jpg
https://api-pre.library.tamu.edu/fcrepo/rest/bb/97/f2/3e/bb97f23e-803a-4bd6-8406-06802623554c/sesquicentennial_objects/19/orderProxies|https://api-pre.library.tamu.edu/fcrepo/rest/bb/97/f2/3e/bb97f23e-803a-4bd6-8406-06802623554c/sesquicentennial_objects/19/pages,https://api-pre.library.tamu.edu/fcrepo/rest/bb/97/f2/3e/bb97f23e-803a-4bd6-8406-06802623554c/sesquicentennial_objects,2025-08-04T20:21:47.726000+00:00,fedoraAdmin,Chapel 28.tif,fedoraAdmin,2025-08-04T20:21:47.726000+00:00,false,https://api-pre.library.tamu.edu/fcrepo/rest/bb/97/f2/3e/bb97f23e-803a-4bd6-8406-06802623554c/sesquicentennial_objects/19/pages/page_0/files/Chapel%2028.tif
https://api-pre.library.tamu.edu/fcrepo/rest/bb/97/f2/3e/bb97f23e-803a-4bd6-8406-06802623554c/sesquicentennial_objects/59/pages|https://api-pre.library.tamu.edu/fcrepo/rest/bb/97/f2/3e/bb97f23e-803a-4bd6-8406-06802623554c/sesquicentennial_objects/59/orderProxies,https://api-pre.library.tamu.edu/fcrepo/rest/bb/97/f2/3e/bb97f23e-803a-4bd6-8406-06802623554c/sesquicentennial_objects,2025-08-04T20:23:55.291000+00:00,fedoraAdmin,Kyle Field 136.tif,fedoraAdmin,2025-08-04T20:23:55.291000+00:00,false,https://api-pre.library.tamu.edu/fcrepo/rest/bb/97/f2/3e/bb97f23e-803a-4bd6-8406-06802623554c/sesquicentennial_objects/59/pages/page_0/files/Kyle%20Field%20136.tif
https://api-pre.library.tamu.edu/fcrepo/rest/bb/97/f2/3e/bb97f23e-803a-4bd6-8406-06802623554c/sesquicentennial_objects/54/orderProxies|https://api-pre.library.tamu.edu/fcrepo/rest/bb/97/f2/3e/bb97f23e-803a-4bd6-8406-06802623554c/sesquicentennial_objects/54/pages,https://api-pre.library.tamu.edu/fcrepo/rest/bb/97/f2/3e/bb97f23e-803a-4bd6-8406-06802623554c/sesquicentennial_objects,2025-08-04T20:23:37.866000+00:00,fedoraAdmin,CV 1961-1970 29.tif,fedoraAdmin,2025-08-04T20:23:37.866000+00:00,false,https://api-pre.library.tamu.edu/fcrepo/rest/bb/97/f2/3e/bb97f23e-803a-4bd6-8406-06802623554c/sesquicentennial_objects/54/pages/page_0/files/CV%201961-1970%2029.tif
https://api-pre.library.tamu.edu/fcrepo/rest/bb/97/f2/3e/bb97f23e-803a-4bd6-8406-06802623554c/sesquicentennial_objects/38/pages|https://api-pre.library.tamu.edu/fcrepo/rest/bb/97/f2/3e/bb97f23e-803a-4bd6-8406-06802623554c/sesquicentennial_objects/38/orderProxies,https://api-pre.library.tamu.edu/fcrepo/rest/bb/97/f2/3e/bb97f23e-803a-4bd6-8406-06802623554c/sesquicentennial_objects,2025-08-04T20:22:45.596000+00:00,fedoraAdmin,4113353456_dda2d14eef_o.jpg,fedoraAdmin,2025-08-04T20:22:45.596000+00:00,false,https://api-pre.library.tamu.edu/fcrepo/rest/bb/97/f2/3e/bb97f23e-803a-4bd6-8406-06802623554c/sesquicentennial_objects/38/pages/page_0/files/4113353456_dda2d14eef_o.jpg
https://api-pre.library.tamu.edu/fcrepo/rest/bb/97/f2/3e/bb97f23e-803a-4bd6-8406-06802623554c/sesquicentennial_objects/20/pages|https://api-pre.library.tamu.edu/fcrepo/rest/bb/97/f2/3e/bb97f23e-803a-4bd6-8406-06802623554c/sesquicentennial_objects/20/orderProxies,https://api-pre.library.tamu.edu/fcrepo/rest/bb/97/f2/3e/bb97f23e-803a-4bd6-8406-06802623554c/sesquicentennial_objects,2025-08-04T20:21:46.139000+00:00,fedoraAdmin,Assembly Hall 5.tif,fedoraAdmin,2025-08-04T20:21:46.139000+00:00,false,https://api-pre.library.tamu.edu/fcrepo/rest/bb/97/f2/3e/bb97f23e-803a-4bd6-8406-06802623554c/sesquicentennial_objects/20/pages/page_0/files/Assembly%20Hall%205.tif
https://api-pre.library.tamu.edu/fcrepo/rest/bb/97/f2/3e/bb97f23e-803a-4bd6-8406-06802623554c/sesquicentennial_objects/12/pages|https://api-pre.library.tamu.edu/fcrepo/rest/bb/97/f2/3e/bb97f23e-803a-4bd6-8406-06802623554c/sesquicentennial_objects/12/orderProxies,https://api-pre.library.tamu.edu/fcrepo/rest/bb/97/f2/3e/bb97f23e-803a-4bd6-8406-06802623554c/sesquicentennial_objects,2025-08-04T20:21:26.875000+00:00,fedoraAdmin,Chapel 11.tif,fedoraAdmin,2025-08-04T20:21:26.875000+00:00,false,https://api-pre.library.tamu.edu/fcrepo/rest/bb/97/f2/3e/bb97f23e-803a-4bd6-8406-06802623554c/sesquicentennial_objects/12/pages/page_0/files/Chapel%2011.tif
https://api-pre.library.tamu.edu/fcrepo/rest/bb/97/f2/3e/bb97f23e-803a-4bd6-8406-06802623554c/sesquicentennial_objects/60/pages|https://api-pre.library.tamu.edu/fcrepo/rest/bb/97/f2/3e/bb97f23e-803a-4bd6-8406-06802623554c/sesquicentennial_objects/60/orderProxies,https://api-pre.library.tamu.edu/fcrepo/rest/bb/97/f2/3e/bb97f23e-803a-4bd6-8406-06802623554c/sesquicentennial_objects,2025-08-04T20:23:55.406000+00:00,fedoraAdmin,2898331587_98664f4526_o.jpg,fedoraAdmin,2025-08-04T20:23:55.406000+00:00,false,https://api-pre.library.tamu.edu/fcrepo/rest/bb/97/f2/3e/bb97f23e-803a-4bd6-8406-06802623554c/sesquicentennial_objects/60/pages/page_0/files/2898331587_98664f4526_o.jpg
https://api-pre.library.tamu.edu/fcrepo/rest/bb/97/f2/3e/bb97f23e-803a-4bd6-8406-06802623554c/sesquicentennial_objects/24/orderProxies|https://api-pre.library.tamu.edu/fcrepo/rest/bb/97/f2/3e/bb97f23e-803a-4bd6-8406-06802623554c/sesquicentennial_objects/24/pages,https://api-pre.library.tamu.edu/fcrepo/rest/bb/97/f2/3e/bb97f23e-803a-4bd6-8406-06802623554c/sesquicentennial_objects,2025-08-04T20:22:02.141000+00:00,fedoraAdmin,Austin Hall 8.tif,fedoraAdmin,2025-08-04T20:22:02.141000+00:00,false,https://api-pre.library.tamu.edu/fcrepo/rest/bb/97/f2/3e/bb97f23e-803a-4bd6-8406-06802623554c/sesquicentennial_objects/24/pages/page_0/files/Austin%20Hall%208.tif
https://api-pre.library.tamu.edu/fcrepo/rest/bb/97/f2/3e/bb97f23e-803a-4bd6-8406-06802623554c/sesquicentennial_objects/64/orderProxies|https://api-pre.library.tamu.edu/fcrepo/rest/bb/97/f2/3e/bb97f23e-803a-4bd6-8406-06802623554c/sesquicentennial_objects/64/pages,https://api-pre.library.tamu.edu/fcrepo/rest/bb/97/f2/3e/bb97f23e-803a-4bd6-8406-06802623554c/sesquicentennial_objects,2025-08-04T20:24:06.681000+00:00,fedoraAdmin,4575924350_50cd1c3132_o.jpg,fedoraAdmin,2025-08-04T20:24:06.681000+00:00,false,https://api-pre.library.tamu.edu/fcrepo/rest/bb/97/f2/3e/bb97f23e-803a-4bd6-8406-06802623554c/sesquicentennial_objects/64/pages/page_0/files/4575924350_50cd1c3132_o.jpg
https://api-pre.library.tamu.edu/fcrepo/rest/bb/97/f2/3e/bb97f23e-803a-4bd6-8406-06802623554c/sesquicentennial_objects/5/orderProxies|https://api-pre.library.tamu.edu/fcrepo/rest/bb/97/f2/3e/bb97f23e-803a-4bd6-8406-06802623554c/sesquicentennial_objects/5/pages,https://api-pre.library.tamu.edu/fcrepo/rest/bb/97/f2/3e/bb97f23e-803a-4bd6-8406-06802623554c/sesquicentennial_objects,2025-08-04T20:23:23.084000+00:00,fedoraAdmin,5 Animal Industries.tif,fedoraAdmin,2025-08-04T20:23:23.084000+00:00,false,https://api-pre.library.tamu.edu/fcrepo/rest/bb/97/f2/3e/bb97f23e-803a-4bd6-8406-06802623554c/sesquicentennial_objects/5/pages/page_0/files/5%20Animal%20Industries.tif
https://api-pre.library.tamu.edu/fcrepo/rest/bb/97/f2/3e/bb97f23e-803a-4bd6-8406-06802623554c/sesquicentennial_objects/9/orderProxies|https://api-pre.library.tamu.edu/fcrepo/rest/bb/97/f2/3e/bb97f23e-803a-4bd6-8406-06802623554c/sesquicentennial_objects/9/pages,https://api-pre.library.tamu.edu/fcrepo/rest/bb/97/f2/3e/bb97f23e-803a-4bd6-8406-06802623554c/sesquicentennial_objects,2025-08-04T20:24:31.013000+00:00,fedoraAdmin,Chapel 1.tif,fedoraAdmin,2025-08-04T20:24:31.013000+00:00,false,https://api-pre.library.tamu.edu/fcrepo/rest/bb/97/f2/3e/bb97f23e-803a-4bd6-8406-06802623554c/sesquicentennial_objects/9/pages/page_0/files/Chapel%201.tif
https://api-pre.library.tamu.edu/fcrepo/rest/bb/97/f2/3e/bb97f23e-803a-4bd6-8406-06802623554c/sesquicentennial_objects/51/pages|https://api-pre.library.tamu.edu/fcrepo/rest/bb/97/f2/3e/bb97f23e-803a-4bd6-8406-06802623554c/sesquicentennial_objects/51/orderProxies,https://api-pre.library.tamu.edu/fcrepo/rest/bb/97/f2/3e/bb97f23e-803a-4bd6-8406-06802623554c/sesquicentennial_objects,2025-08-04T20:23:28.580000+00:00,fedoraAdmin,CV 1921-1930 12.tif,fedoraAdmin,2025-08-04T20:23:28.580000+00:00,false,https://api-pre.library.tamu.edu/fcrepo/rest/bb/97/f2/3e/bb97f23e-803a-4bd6-8406-06802623554c/sesquicentennial_objects/51/pages/page_0/files/CV%201921-1930%2012.tif
https://api-pre.library.tamu.edu/fcrepo/rest/bb/97/f2/3e/bb97f23e-803a-4bd6-8406-06802623554c/sesquicentennial_objects/43/orderProxies|https://api-pre.library.tamu.edu/fcrepo/rest/bb/97/f2/3e/bb97f23e-803a-4bd6-8406-06802623554c/sesquicentennial_objects/43/pages,https://api-pre.library.tamu.edu/fcrepo/rest/bb/97/f2/3e/bb97f23e-803a-4bd6-8406-06802623554c/sesquicentennial_objects,2025-08-04T20:23:01.092000+00:00,fedoraAdmin,2846935100_4961044b1f_o.jpg,fedoraAdmin,2025-08-04T20:23:01.092000+00:00,false,https://api-pre.library.tamu.edu/fcrepo/rest/bb/97/f2/3e/bb97f23e-803a-4bd6-8406-06802623554c/sesquicentennial_objects/43/pages/page_0/files/2846935100_4961044b1f_o.jpg
https://api-pre.library.tamu.edu/fcrepo/rest/bb/97/f2/3e/bb97f23e-803a-4bd6-8406-06802623554c/sesquicentennial_objects/22/pages|https://api-pre.library.tamu.edu/fcrepo/rest/bb/97/f2/3e/bb97f23e-803a-4bd6-8406-06802623554c/sesquicentennial_objects/22/orderProxies,https://api-pre.library.tamu.edu/fcrepo/rest/bb/97/f2/3e/bb97f23e-803a-4bd6-8406-06802623554c/sesquicentennial_objects,2025-08-04T20:21:59.874000+00:00,fedoraAdmin,Austin Hall 1.tif,fedoraAdmin,2025-08-04T20:21:59.874000+00:00,false,https://api-pre.library.tamu.edu/fcrepo/rest/bb/97/f2/3e/bb97f23e-803a-4bd6-8406-06802623554c/sesquicentennial_objects/22/pages/page_0/files/Austin%20Hall%201.tif
https://api-pre.library.tamu.edu/fcrepo/rest/bb/97/f2/3e/bb97f23e-803a-4bd6-8406-06802623554c/sesquicentennial_objects/37/pages|https://api-pre.library.tamu.edu/fcrepo/rest/bb/97/f2/3e/bb97f23e-803a-4bd6-8406-06802623554c/sesquicentennial_objects/37/orderProxies,https://api-pre.library.tamu.edu/fcrepo/rest/bb/97/f2/3e/bb97f23e-803a-4bd6-8406-06802623554c/sesquicentennial_objects,2025-08-04T20:22:42.377000+00:00,fedoraAdmin,4112585599_be53f8d948_o.jpg,fedoraAdmin,2025-08-04T20:22:42.377000+00:00,false,https://api-pre.library.tamu.edu/fcrepo/rest/bb/97/f2/3e/bb97f23e-803a-4bd6-8406-06802623554c/sesquicentennial_objects/37/pages/page_0/files/4112585599_be53f8d948_o.jpg
https://api-pre.library.tamu.edu/fcrepo/rest/bb/97/f2/3e/bb97f23e-803a-4bd6-8406-06802623554c/sesquicentennial_objects/67/orderProxies|https://api-pre.library.tamu.edu/fcrepo/rest/bb/97/f2/3e/bb97f23e-803a-4bd6-8406-06802623554c/sesquicentennial_objects/67/pages,https://api-pre.library.tamu.edu/fcrepo/rest/bb/97/f2/3e/bb97f23e-803a-4bd6-8406-06802623554c/sesquicentennial_objects,2025-08-04T20:24:14.377000+00:00,fedoraAdmin,4666882610_81b0b71648_o.jpg,fedoraAdmin,2025-08-04T20:24:14.377000+00:00,false,https://api-pre.library.tamu.edu/fcrepo/rest/bb/97/f2/3e/bb97f23e-803a-4bd6-8406-06802623554c/sesquicentennial_objects/67/pages/page_0/files/4666882610_81b0b71648_o.jpg
https://api-pre.library.tamu.edu/fcrepo/rest/bb/97/f2/3e/bb97f23e-803a-4bd6-8406-06802623554c/sesquicentennial_objects/62/pages|https://api-pre.library.tamu.edu/fcrepo/rest/bb/97/f2/3e/bb97f23e-803a-4bd6-8406-06802623554c/sesquicentennial_objects/62/orderProxies,https://api-pre.library.tamu.edu/fcrepo/rest/bb/97/f2/3e/bb97f23e-803a-4bd6-8406-06802623554c/sesquicentennial_objects,2025-08-04T20:24:00.453000+00:00,fedoraAdmin,2898335603_00a6c0ded4_o.jpg,fedoraAdmin,2025-08-04T20:24:00.453000+00:00,false,https://api-pre.library.tamu.edu/fcrepo/rest/bb/97/f2/3e/bb97f23e-803a-4bd6-8406-06802623554c/sesquicentennial_objects/62/pages/page_0/files/2898335603_00a6c0ded4_o.jpg
https://api-pre.library.tamu.edu/fcrepo/rest/bb/97/f2/3e/bb97f23e-803a-4bd6-8406-06802623554c/sesquicentennial_objects/14/orderProxies|https://api-pre.library.tamu.edu/fcrepo/rest/bb/97/f2/3e/bb97f23e-803a-4bd6-8406-06802623554c/sesquicentennial_objects/14/pages,https://api-pre.library.tamu.edu/fcrepo/rest/bb/97/f2/3e/bb97f23e-803a-4bd6-8406-06802623554c/sesquicentennial_objects,2025-08-04T20:21:25.155000+00:00,fedoraAdmin,Chapel 22.tif,fedoraAdmin,2025-08-04T20:21:25.155000+00:00,false,https://api-pre.library.tamu.edu/fcrepo/rest/bb/97/f2/3e/bb97f23e-803a-4bd6-8406-06802623554c/sesquicentennial_objects/14/pages/page_0/files/Chapel%2022.tif
https://api-pre.library.tamu.edu/fcrepo/rest/bb/97/f2/3e/bb97f23e-803a-4bd6-8406-06802623554c/sesquicentennial_objects/3/orderProxies|https://api-pre.library.tamu.edu/fcrepo/rest/bb/97/f2/3e/bb97f23e-803a-4bd6-8406-06802623554c/sesquicentennial_objects/3/pages,https://api-pre.library.tamu.edu/fcrepo/rest/bb/97/f2/3e/bb97f23e-803a-4bd6-8406-06802623554c/sesquicentennial_objects,2025-08-04T20:22:20.481000+00:00,fedoraAdmin,Bell Tower 36.tif,fedoraAdmin,2025-08-04T20:22:20.481000+00:00,false,https://api-pre.library.tamu.edu/fcrepo/rest/bb/97/f2/3e/bb97f23e-803a-4bd6-8406-06802623554c/sesquicentennial_objects/3/pages/page_0/files/Bell%20Tower%2036.tif
https://api-pre.library.tamu.edu/fcrepo/rest/bb/97/f2/3e/bb97f23e-803a-4bd6-8406-06802623554c/sesquicentennial_objects/29/pages|https://api-pre.library.tamu.edu/fcrepo/rest/bb/97/f2/3e/bb97f23e-803a-4bd6-8406-06802623554c/sesquicentennial_objects/29/orderProxies,https://api-pre.library.tamu.edu/fcrepo/rest/bb/97/f2/3e/bb97f23e-803a-4bd6-8406-06802623554c/sesquicentennial_objects,2025-08-04T20:22:21.854000+00:00,fedoraAdmin,Austin Hall 20.tif,fedoraAdmin,2025-08-04T20:22:21.854000+00:00,false,https://api-pre.library.tamu.edu/fcrepo/rest/bb/97/f2/3e/bb97f23e-803a-4bd6-8406-06802623554c/sesquicentennial_objects/29/pages/page_0/files/Austin%20Hall%2020.tif
https://api-pre.library.tamu.edu/fcrepo/rest/bb/97/f2/3e/bb97f23e-803a-4bd6-8406-06802623554c/sesquicentennial_objects/7/orderProxies|https://api-pre.library.tamu.edu/fcrepo/rest/bb/97/f2/3e/bb97f23e-803a-4bd6-8406-06802623554c/sesquicentennial_objects/7/pages,https://api-pre.library.tamu.edu/fcrepo/rest/bb/97/f2/3e/bb97f23e-803a-4bd6-8406-06802623554c/sesquicentennial_objects,2025-08-04T20:24:24.143000+00:00,fedoraAdmin,4 Animal Industries.tif,fedoraAdmin,2025-08-04T20:24:24.143000+00:00,false,https://api-pre.library.tamu.edu/fcrepo/rest/bb/97/f2/3e/bb97f23e-803a-4bd6-8406-06802623554c/sesquicentennial_objects/7/pages/page_0/files/4%20Animal%20Industries.tif
https://api-pre.library.tamu.edu/fcrepo/rest/bb/97/f2/3e/bb97f23e-803a-4bd6-8406-06802623554c/sesquicentennial_objects/69/pages|https://api-pre.library.tamu.edu/fcrepo/rest/bb/97/f2/3e/bb97f23e-803a-4bd6-8406-06802623554c/sesquicentennial_objects/69/orderProxies,https://api-pre.library.tamu.edu/fcrepo/rest/bb/97/f2/3e/bb97f23e-803a-4bd6-8406-06802623554c/sesquicentennial_objects,2025-08-04T20:24:21.542000+00:00,fedoraAdmin,CV G 68.tif,fedoraAdmin,2025-08-04T20:24:21.542000+00:00,false,https://api-pre.library.tamu.edu/fcrepo/rest/bb/97/f2/3e/bb97f23e-803a-4bd6-8406-06802623554c/sesquicentennial_objects/69/pages/page_0/files/CV%20G%2068.tif
https://api-pre.library.tamu.edu/fcrepo/rest/bb/97/f2/3e/bb97f23e-803a-4bd6-8406-06802623554c/sesquicentennial_objects/18/orderProxies|https://api-pre.library.tamu.edu/fcrepo/rest/bb/97/f2/3e/bb97f23e-803a-4bd6-8406-06802623554c/sesquicentennial_objects/18/pages,https://api-pre.library.tamu.edu/fcrepo/rest/bb/97/f2/3e/bb97f23e-803a-4bd6-8406-06802623554c/sesquicentennial_objects,2025-08-04T20:21:42.190000+00:00,fedoraAdmin,Chapel 27.tif,fedoraAdmin,2025-08-04T20:21:42.190000+00:00,false,https://api-pre.library.tamu.edu/fcrepo/rest/bb/97/f2/3e/bb97f23e-803a-4bd6-8406-06802623554c/sesquicentennial_objects/18/pages/page_0/files/Chapel%2027.tif
https://api-pre.library.tamu.edu/fcrepo/rest/bb/97/f2/3e/bb97f23e-803a-4bd6-8406-06802623554c/sesquicentennial_objects/58/pages|https://api-pre.library.tamu.edu/fcrepo/rest/bb/97/f2/3e/bb97f23e-803a-4bd6-8406-06802623554c/sesquicentennial_objects/58/orderProxies,https://api-pre.library.tamu.edu/fcrepo/rest/bb/97/f2/3e/bb97f23e-803a-4bd6-8406-06802623554c/sesquicentennial_objects,2025-08-04T20:23:47.991000+00:00,fedoraAdmin,Kyle Field 39.tif,fedoraAdmin,2025-08-04T20:23:47.991000+00:00,false,https://api-pre.library.tamu.edu/fcrepo/rest/bb/97/f2/3e/bb97f23e-803a-4bd6-8406-06802623554c/sesquicentennial_objects/58/pages/page_0/files/Kyle%20Field%2039.tif
https://api-pre.library.tamu.edu/fcrepo/rest/bb/97/f2/3e/bb97f23e-803a-4bd6-8406-06802623554c/sesquicentennial_objects/41/pages|https://api-pre.library.tamu.edu/fcrepo/rest/bb/97/f2/3e/bb97f23e-803a-4bd6-8406-06802623554c/sesquicentennial_objects/41/orderProxies,https://api-pre.library.tamu.edu/fcrepo/rest/bb/97/f2/3e/bb97f23e-803a-4bd6-8406-06802623554c/sesquicentennial_objects,2025-08-04T20:22:55.776000+00:00,fedoraAdmin,3542800662_186c95d9e6_o.jpg,fedoraAdmin,2025-08-04T20:22:55.776000+00:00,false,https://api-pre.library.tamu.edu/fcrepo/rest/bb/97/f2/3e/bb97f23e-803a-4bd6-8406-06802623554c/sesquicentennial_objects/41/pages/page_0/files/3542800662_186c95d9e6_o.jpg
https://api-pre.library.tamu.edu/fcrepo/rest/bb/97/f2/3e/bb97f23e-803a-4bd6-8406-06802623554c/sesquicentennial_objects/56/pages|https://api-pre.library.tamu.edu/fcrepo/rest/bb/97/f2/3e/bb97f23e-803a-4bd6-8406-06802623554c/sesquicentennial_objects/56/orderProxies,https://api-pre.library.tamu.edu/fcrepo/rest/bb/97/f2/3e/bb97f23e-803a-4bd6-8406-06802623554c/sesquicentennial_objects,2025-08-04T20:23:41.631000+00:00,fedoraAdmin,Kyle Field 23.tif,fedoraAdmin,2025-08-04T20:23:41.631000+00:00,false,https://api-pre.library.tamu.edu/fcrepo/rest/bb/97/f2/3e/bb97f23e-803a-4bd6-8406-06802623554c/sesquicentennial_objects/56/pages/page_0/files/Kyle%20Field%2023.tif
https://api-pre.library.tamu.edu/fcrepo/rest/bb/97/f2/3e/bb97f23e-803a-4bd6-8406-06802623554c/sesquicentennial_objects/53/pages|https://api-pre.library.tamu.edu/fcrepo/rest/bb/97/f2/3e/bb97f23e-803a-4bd6-8406-06802623554c/sesquicentennial_objects/53/orderProxies,https://api-pre.library.tamu.edu/fcrepo/rest/bb/97/f2/3e/bb97f23e-803a-4bd6-8406-06802623554c/sesquicentennial_objects,2025-08-04T20:23:34.921000+00:00,fedoraAdmin,CV 1931-1940 22.tif,fedoraAdmin,2025-08-04T20:23:34.921000+00:00,false,https://api-pre.library.tamu.edu/fcrepo/rest/bb/97/f2/3e/bb97f23e-803a-4bd6-8406-06802623554c/sesquicentennial_objects/53/pages/page_0/files/CV%201931-1940%2022.tif
https://api-pre.library.tamu.edu/fcrepo/rest/bb/97/f2/3e/bb97f23e-803a-4bd6-8406-06802623554c/sesquicentennial_objects/45/orderProxies|https://api-pre.library.tamu.edu/fcrepo/rest/bb/97/f2/3e/bb97f23e-803a-4bd6-8406-06802623554c/sesquicentennial_objects/45/pages,https://api-pre.library.tamu.edu/fcrepo/rest/bb/97/f2/3e/bb97f23e-803a-4bd6-8406-06802623554c/sesquicentennial_objects,2025-08-04T20:23:05.509000+00:00,fedoraAdmin,3543255873_352cb67f18_o.jpg,fedoraAdmin,2025-08-04T20:23:05.509000+00:00,false,https://api-pre.library.tamu.edu/fcrepo/rest/bb/97/f2/3e/bb97f23e-803a-4bd6-8406-06802623554c/sesquicentennial_objects/45/pages/page_0/files/3543255873_352cb67f18_o.jpg
